latitude,longitude,elevation,timestamp
-40,20,0,2024-01-30 13:31:34
-40,21.8,0,2023-01-12 04:03:22
-40,23.6,0,2023-06-19 14:55:31
-40,25.400000000000002,0,2023-05-09 17:28:11
-40,27.200000000000003,0,2023-05-26 12:42:44
-40,29.000000000000004,0,2023-02-11 15:16:09
-40,30.800000000000004,0,2023-10-20 20:06:16
-40,32.6,0,2023-12-31 09:21:54
-40,36.199999999999996,0,2023-01-04 18:19:12
-40,37.99999999999999,0,2023-10-27 15:39:40
-40,41.59999999999999,0,2023-09-09 16:47:26
-40,43.399999999999984,0,2024-06-26 23:38:10
-40,45.19999999999998,0,2024-06-23 04:58:23
-40,46.99999999999998,0,2024-01-24 12:16:34
-40,48.799999999999976,0,2023-10-13 21:16:12
-40,50.59999999999997,0,2024-03-24 06:49:37
-40,52.39999999999997,0,2023-02-28 20:45:57
-40,54.19999999999997,0,2024-02-24 11:24:45
-40,55.999999999999964,0,2024-02-27 21:20:39
-40,57.79999999999996,0,2023-03-21 02:19:23
-40,59.59999999999996,0,2023-01-14 05:55:23
-40,64.99999999999996,0,2023-03-17 12:42:48
-40,66.79999999999995,0,2024-04-09 01:14:37
-40,68.59999999999995,0,2024-05-30 08:31:22
-40,70.39999999999995,0,2024-01-23 08:50:38
-40,72.19999999999995,0,2023-08-01 06:45:23
-40,73.99999999999994,0,2023-11-21 09:58:48
-40,75.79999999999994,0,2023-04-20 01:38:45
-40,77.59999999999994,0,2023-03-09 08:44:13
-40,79.39999999999993,0,2024-04-16 11:35:53
-40,81.19999999999993,0,2023-02-12 12:34:49
-40,82.99999999999993,0,2023-09-11 16:46:32
-40,84.79999999999993,0,2023-11-03 18:38:58
-40,86.59999999999992,0,2023-09-08 10:24:47
-40,88.39999999999992,0,2023-08-15 08:02:20
-40,90.19999999999992,0,2024-04-18 13:32:54
-40,93.79999999999991,0,2024-04-17 08:52:05
-40,95.59999999999991,0,2024-08-09 04:50:18
-40,97.3999999999999,0,2023-08-18 19:50:02
-40,99.1999999999999,0,2023-02-11 08:42:25
-38.2,20,0,2024-08-21 13:50:32
-38.2,21.8,0,2023-01-30 15:54:13
-38.2,23.6,0,2024-07-02 02:58:15
-38.2,25.400000000000002,0,2024-07-29 18:16:34
-38.2,27.200000000000003,0,2023-06-21 12:12:36
-38.2,29.000000000000004,0,2023-08-28 09:17:51
-38.2,30.800000000000004,0,2023-06-25 14:23:39
-38.2,32.6,0,2024-04-03 07:37:08
-38.2,34.4,0,2024-05-04 07:06:07
-38.2,36.199999999999996,0,2023-03-20 13:21:34
-38.2,37.99999999999999,0,2023-10-22 15:21:33
-38.2,39.79999999999999,0,2024-05-20 01:27:50
-38.2,41.59999999999999,0,2023-07-07 16:17:31
-38.2,43.399999999999984,0,2023-06-24 04:48:45
-38.2,45.19999999999998,0,2023-09-01 07:02:05
-38.2,46.99999999999998,0,2023-11-20 23:49:02
-38.2,48.799999999999976,0,2024-05-19 12:57:39
-38.2,50.59999999999997,0,2024-04-19 23:40:28
-38.2,52.39999999999997,0,2024-04-01 07:27:13
-38.2,55.999999999999964,0,2023-09-11 22:15:32
-38.2,57.79999999999996,0,2024-07-05 08:47:17
-38.2,59.59999999999996,0,2024-06-04 02:07:35
-38.2,61.399999999999956,0,2023-07-15 06:59:56
-38.2,63.19999999999995,0,2023-08-19 23:06:10
-38.2,64.99999999999996,0,2023-12-13 08:28:02
-38.2,66.79999999999995,0,2023-03-29 21:47:22
-38.2,68.59999999999995,0,2023-11-07 23:41:42
-38.2,72.19999999999995,0,2023-03-14 15:51:23
-38.2,73.99999999999994,0,2023-06-03 19:43:45
-38.2,75.79999999999994,0,2024-05-17 16:43:05
-38.2,79.39999999999993,0,2023-08-26 21:17:16
-38.2,81.19999999999993,0,2023-06-23 09:48:47
-38.2,82.99999999999993,0,2023-12-10 23:05:34
-38.2,84.79999999999993,0,2024-02-08 05:46:55
-38.2,86.59999999999992,0,2024-02-01 21:09:35
-38.2,88.39999999999992,0,2024-08-24 04:11:18
-38.2,90.19999999999992,0,2023-09-16 02:59:34
-38.2,91.99999999999991,0,2023-05-03 11:50:28
-38.2,93.79999999999991,0,2024-08-22 16:37:37
-38.2,95.59999999999991,0,2023-09-09 07:54:00
-38.2,97.3999999999999,0,2024-03-09 13:45:13
-38.2,99.1999999999999,0,2024-04-10 06:47:26
-36.400000000000006,20,0,2024-01-21 17:34:30
-36.400000000000006,21.8,0,2023-01-22 17:40:50
-36.400000000000006,23.6,0,2023-10-31 19:44:12
-36.400000000000006,25.400000000000002,0,2023-06-22 05:54:43
-36.400000000000006,27.200000000000003,0,2023-09-12 18:12:31
-36.400000000000006,30.800000000000004,0,2024-05-24 09:48:03
-36.400000000000006,32.6,0,2024-05-23 01:05:41
-36.400000000000006,34.4,0,2023-12-14 13:47:07
-36.400000000000006,36.199999999999996,0,2024-06-28 02:56:07
-36.400000000000006,37.99999999999999,0,2023-01-20 14:07:03
-36.400000000000006,39.79999999999999,0,2024-02-04 07:59:17
-36.400000000000006,41.59999999999999,0,2024-06-21 23:20:03
-36.400000000000006,43.399999999999984,0,2023-01-14 21:23:26
-36.400000000000006,45.19999999999998,0,2023-08-01 19:22:48
-36.400000000000006,46.99999999999998,0,2024-01-04 09:00:07
-36.400000000000006,48.799999999999976,0,2023-10-22 22:46:36
-36.400000000000006,50.59999999999997,0,2023-01-28 03:09:28
-36.400000000000006,52.39999999999997,0,2024-07-23 09:45:34
-36.400000000000006,54.19999999999997,0,2023-01-10 00:09:28
-36.400000000000006,55.999999999999964,0,2023-04-28 20:44:29
-36.400000000000006,57.79999999999996,0,2023-05-26 05:18:49
-36.400000000000006,59.59999999999996,0,2024-07-06 19:39:57
-36.400000000000006,63.19999999999995,0,2024-03-03 11:11:59
-36.400000000000006,64.99999999999996,0,2024-05-21 00:25:08
-36.400000000000006,66.79999999999995,0,2023-09-16 18:27:53
-36.400000000000006,68.59999999999995,0,2023-06-22 10:58:41
-36.400000000000006,70.39999999999995,0,2023-05-17 12:51:37
-36.400000000000006,72.19999999999995,0,2023-03-14 00:26:56
-36.400000000000006,73.99999999999994,0,2024-03-24 17:01:57
-36.400000000000006,75.79999999999994,0,2023-02-23 23:57:32
-36.400000000000006,77.59999999999994,0,2024-06-09 18:34:02
-36.400000000000006,79.39999999999993,0,2023-01-10 22:40:42
-36.400000000000006,81.19999999999993,0,2024-04-06 16:53:23
-36.400000000000006,82.99999999999993,0,2023-07-24 23:09:49
-36.400000000000006,84.79999999999993,0,2023-11-22 09:12:14
-36.400000000000006,86.59999999999992,0,2024-04-17 18:25:35
-36.400000000000006,88.39999999999992,0,2023-02-28 13:54:06
-36.400000000000006,90.19999999999992,0,2024-02-26 10:30:12
-36.400000000000006,91.99999999999991,0,2023-12-30 07:05:53
-36.400000000000006,95.59999999999991,0,2024-08-01 02:42:39
-36.400000000000006,97.3999999999999,0,2024-02-04 01:59:50
-36.400000000000006,99.1999999999999,0,2023-08-07 18:11:38
-34.60000000000001,21.8,0,2024-07-21 07:36:28
-34.60000000000001,23.6,0,2023-06-09 22:41:00
-34.60000000000001,25.400000000000002,0,2024-01-17 13:19:29
-34.60000000000001,27.200000000000003,0,2023-08-23 17:21:41
-34.60000000000001,29.000000000000004,0,2023-04-19 04:54:45
-34.60000000000001,30.800000000000004,0,2023-12-24 06:59:35
-34.60000000000001,32.6,0,2023-12-27 05:39:38
-34.60000000000001,34.4,0,2023-09-28 08:36:52
-34.60000000000001,36.199999999999996,0,2024-08-19 03:48:34
-34.60000000000001,37.99999999999999,0,2023-02-10 22:39:30
-34.60000000000001,39.79999999999999,0,2024-06-11 16:11:59
-34.60000000000001,41.59999999999999,0,2024-04-20 07:56:56
-34.60000000000001,43.399999999999984,0,2024-08-01 17:18:50
-34.60000000000001,45.19999999999998,0,2023-01-28 07:26:57
-34.60000000000001,46.99999999999998,0,2023-06-13 01:55:15
-34.60000000000001,48.799999999999976,0,2023-05-06 19:57:03
-34.60000000000001,50.59999999999997,0,2023-07-12 17:35:22
-34.60000000000001,52.39999999999997,0,2023-02-21 11:00:38
-34.60000000000001,54.19999999999997,0,2024-08-14 04:54:07
-34.60000000000001,55.999999999999964,0,2024-07-13 14:23:08
-34.60000000000001,57.79999999999996,0,2024-05-08 07:02:20
-34.60000000000001,59.59999999999996,0,2023-07-23 04:18:03
-34.60000000000001,61.399999999999956,0,2024-05-13 12:16:29
-34.60000000000001,63.19999999999995,0,2023-05-28 06:49:25
-34.60000000000001,64.99999999999996,0,2024-06-15 07:31:57
-34.60000000000001,66.79999999999995,0,2023-02-28 22:24:19
-34.60000000000001,68.59999999999995,0,2023-10-14 05:48:03
-34.60000000000001,70.39999999999995,0,2023-02-06 07:10:40
-34.60000000000001,72.19999999999995,0,2023-06-30 02:42:38
-34.60000000000001,73.99999999999994,0,2023-02-20 15:58:26
-34.60000000000001,77.59999999999994,0,2023-01-04 18:21:13
-34.60000000000001,79.39999999999993,0,2024-01-27 12:38:33
-34.60000000000001,81.19999999999993,0,2023-11-07 23:34:09
-34.60000000000001,82.99999999999993,0,2023-02-26 17:48:27
-34.60000000000001,84.79999999999993,0,2024-07-11 15:15:49
-34.60000000000001,86.59999999999992,0,2023-11-20 11:52:08
-34.60000000000001,88.39999999999992,0,2024-06-30 20:36:18
-34.60000000000001,90.19999999999992,0,2023-12-26 15:05:00
-34.60000000000001,93.79999999999991,0,2024-07-20 14:51:39
-34.60000000000001,97.3999999999999,0,2023-01-04 20:30:50
-34.60000000000001,99.1999999999999,0,2023-08-28 12:36:44
-32.80000000000001,29.000000000000004,0,2023-05-20 23:50:42
-32.80000000000001,30.800000000000004,0,2023-07-08 20:29:58
-32.80000000000001,32.6,0,2024-07-17 18:38:41
-32.80000000000001,34.4,0,2023-07-25 14:17:38
-32.80000000000001,37.99999999999999,0,2024-08-19 09:59:20
-32.80000000000001,39.79999999999999,0,2024-02-18 13:57:46
-32.80000000000001,41.59999999999999,0,2024-04-13 02:33:18
-32.80000000000001,45.19999999999998,0,2023-06-24 03:45:54
-32.80000000000001,48.799999999999976,0,2024-08-14 04:27:58
-32.80000000000001,50.59999999999997,0,2023-03-11 21:29:54
-32.80000000000001,52.39999999999997,0,2023-02-26 02:19:50
-32.80000000000001,54.19999999999997,0,2024-05-05 08:11:48
-32.80000000000001,55.999999999999964,0,2023-04-13 23:00:15
-32.80000000000001,57.79999999999996,0,2023-11-30 15:47:43
-32.80000000000001,59.59999999999996,0,2024-08-11 04:11:53
-32.80000000000001,61.399999999999956,0,2023-08-01 07:15:54
-32.80000000000001,63.19999999999995,0,2023-11-03 08:56:17
-32.80000000000001,64.99999999999996,0,2024-05-07 11:23:40
-32.80000000000001,66.79999999999995,0,2024-05-27 05:49:27
-32.80000000000001,68.59999999999995,0,2023-12-31 02:32:26
-32.80000000000001,70.39999999999995,0,2023-09-09 17:19:51
-32.80000000000001,72.19999999999995,0,2023-01-30 23:54:45
-32.80000000000001,73.99999999999994,0,2023-04-07 04:34:23
-32.80000000000001,75.79999999999994,0,2023-01-19 09:54:07
-32.80000000000001,77.59999999999994,0,2023-02-07 18:51:47
-32.80000000000001,79.39999999999993,0,2023-07-09 02:12:56
-32.80000000000001,81.19999999999993,0,2023-04-05 23:03:55
-32.80000000000001,82.99999999999993,0,2023-09-16 09:26:52
-32.80000000000001,84.79999999999993,0,2024-06-12 00:58:38
-32.80000000000001,88.39999999999992,0,2024-01-16 16:04:56
-32.80000000000001,91.99999999999991,0,2024-06-26 12:49:35
-32.80000000000001,93.79999999999991,0,2024-04-03 12:15:32
-32.80000000000001,95.59999999999991,0,2023-04-17 00:58:13
-32.80000000000001,97.3999999999999,0,2023-08-11 22:56:00
-31.00000000000001,30.800000000000004,0,2023-12-20 09:57:04
-31.00000000000001,32.6,0,2024-04-18 23:55:02
-31.00000000000001,34.4,0,2023-12-26 05:16:31
-31.00000000000001,36.199999999999996,0,2023-11-11 07:32:40
-31.00000000000001,37.99999999999999,0,2024-06-19 15:31:58
-31.00000000000001,39.79999999999999,0,2024-03-29 01:14:48
-31.00000000000001,41.59999999999999,0,2023-08-24 12:48:35
-31.00000000000001,43.399999999999984,0,2024-07-17 22:42:01
-31.00000000000001,45.19999999999998,0,2023-09-04 14:54:05
-31.00000000000001,46.99999999999998,0,2023-02-09 19:20:42
-31.00000000000001,48.799999999999976,0,2023-01-23 08:44:50
-31.00000000000001,50.59999999999997,0,2023-05-12 17:23:55
-31.00000000000001,52.39999999999997,0,2023-11-30 10:18:37
-31.00000000000001,54.19999999999997,0,2023-05-12 02:47:38
-31.00000000000001,55.999999999999964,0,2023-08-25 23:24:17
-31.00000000000001,57.79999999999996,0,2024-03-04 10:26:10
-31.00000000000001,61.399999999999956,0,2024-03-01 13:07:23
-31.00000000000001,63.19999999999995,0,2023-02-01 03:59:07
-31.00000000000001,64.99999999999996,0,2023-07-06 16:15:27
-31.00000000000001,66.79999999999995,0,2024-06-24 01:05:41
-31.00000000000001,68.59999999999995,0,2024-01-13 01:50:38
-31.00000000000001,70.39999999999995,0,2024-07-19 08:41:13
-31.00000000000001,72.19999999999995,0,2023-06-16 03:06:27
-31.00000000000001,73.99999999999994,0,2024-05-24 05:48:59
-31.00000000000001,75.79999999999994,0,2023-04-22 03:08:59
-31.00000000000001,77.59999999999994,0,2024-01-11 15:54:25
-31.00000000000001,79.39999999999993,0,2023-05-13 10:34:03
-31.00000000000001,81.19999999999993,0,2024-03-02 11:22:45
-31.00000000000001,82.99999999999993,0,2023-08-12 00:27:02
-31.00000000000001,84.79999999999993,0,2023-10-30 22:31:45
-31.00000000000001,86.59999999999992,0,2023-10-26 06:52:56
-31.00000000000001,88.39999999999992,0,2023-01-02 03:03:29
-31.00000000000001,90.19999999999992,0,2023-12-04 13:37:05
-31.00000000000001,91.99999999999991,0,2023-11-29 04:40:41
-31.00000000000001,93.79999999999991,0,2024-03-21 13:37:25
-31.00000000000001,95.59999999999991,0,2024-02-26 07:11:51
-31.00000000000001,97.3999999999999,0,2023-04-29 05:34:37
-31.00000000000001,99.1999999999999,0,2024-07-03 11:40:53
-29.20000000000001,34.4,0,2023-09-02 02:54:24
-29.20000000000001,36.199999999999996,0,2023-11-15 05:43:37
-29.20000000000001,37.99999999999999,0,2024-01-16 09:51:35
-29.20000000000001,39.79999999999999,0,2023-07-13 15:41:24
-29.20000000000001,41.59999999999999,0,2023-04-14 10:12:15
-29.20000000000001,43.399999999999984,0,2024-03-17 05:34:08
-29.20000000000001,45.19999999999998,0,2024-01-06 18:24:48
-29.20000000000001,46.99999999999998,0,2024-03-28 02:27:58
-29.20000000000001,48.799999999999976,0,2023-03-26 07:50:00
-29.20000000000001,50.59999999999997,0,2023-08-12 07:16:22
-29.20000000000001,52.39999999999997,0,2023-09-20 08:15:10
-29.20000000000001,54.19999999999997,0,2024-03-01 19:46:12
-29.20000000000001,55.999999999999964,0,2023-04-15 01:34:14
-29.20000000000001,57.79999999999996,0,2023-11-03 15:03:42
-29.20000000000001,59.59999999999996,0,2024-04-28 08:00:44
-29.20000000000001,61.399999999999956,0,2024-08-09 08:59:21
-29.20000000000001,63.19999999999995,0,2023-03-05 03:29:31
-29.20000000000001,64.99999999999996,0,2024-04-11 22:48:28
-29.20000000000001,66.79999999999995,0,2024-06-22 21:37:54
-29.20000000000001,68.59999999999995,0,2024-04-26 23:40:04
-29.20000000000001,72.19999999999995,0,2024-06-03 01:24:37
-29.20000000000001,73.99999999999994,0,2023-09-17 17:05:39
-29.20000000000001,75.79999999999994,0,2023-04-08 02:45:57
-29.20000000000001,77.59999999999994,0,2024-06-20 11:39:29
-29.20000000000001,81.19999999999993,0,2023-03-19 09:23:15
-29.20000000000001,82.99999999999993,0,2024-04-14 20:22:40
-29.20000000000001,84.79999999999993,0,2023-07-07 15:18:40
-29.20000000000001,86.59999999999992,0,2023-07-26 05:28:47
-29.20000000000001,88.39999999999992,0,2024-03-22 19:46:19
-29.20000000000001,91.99999999999991,0,2023-02-27 17:50:47
-29.20000000000001,93.79999999999991,0,2023-09-12 07:20:08
-29.20000000000001,95.59999999999991,0,2023-06-03 00:56:45
-29.20000000000001,97.3999999999999,0,2024-07-19 07:09:52
-29.20000000000001,99.1999999999999,0,2023-03-10 15:16:55
-27.40000000000001,34.4,0,2024-05-24 00:24:04
-27.40000000000001,36.199999999999996,0,2023-06-09 08:30:21
-27.40000000000001,37.99999999999999,0,2024-08-25 15:22:17
-27.40000000000001,39.79999999999999,0,2023-05-14 13:00:36
-27.40000000000001,41.59999999999999,0,2023-07-05 10:28:29
-27.40000000000001,45.19999999999998,0,2024-06-23 16:36:18
-27.40000000000001,46.99999999999998,0,2023-04-22 18:17:29
-27.40000000000001,48.799999999999976,0,2023-08-18 01:21:33
-27.40000000000001,50.59999999999997,0,2023-12-06 18:51:15
-27.40000000000001,52.39999999999997,0,2024-01-22 01:53:32
-27.40000000000001,54.19999999999997,0,2024-04-10 11:49:04
-27.40000000000001,55.999999999999964,0,2023-01-25 03:33:50
-27.40000000000001,57.79999999999996,0,2023-03-14 10:12:24
-27.40000000000001,59.59999999999996,0,2024-07-13 07:00:11
-27.40000000000001,61.399999999999956,0,2023-06-05 16:42:58
-27.40000000000001,63.19999999999995,0,2023-09-06 06:49:53
-27.40000000000001,64.99999999999996,0,2023-11-01 20:54:50
-27.40000000000001,66.79999999999995,0,2023-02-02 05:23:45
-27.40000000000001,68.59999999999995,0,2024-06-27 21:39:04
-27.40000000000001,70.39999999999995,0,2023-09-24 05:54:57
-27.40000000000001,72.19999999999995,0,2024-01-30 23:57:51
-27.40000000000001,73.99999999999994,0,2023-11-14 12:52:26
-27.40000000000001,75.79999999999994,0,2023-09-01 12:56:36
-27.40000000000001,77.59999999999994,0,2023-11-10 01:42:06
-27.40000000000001,79.39999999999993,0,2024-08-29 16:18:54
-27.40000000000001,81.19999999999993,0,2024-08-05 10:29:31
-27.40000000000001,82.99999999999993,0,2023-01-30 07:55:48
-27.40000000000001,84.79999999999993,0,2024-02-29 17:34:18
-27.40000000000001,88.39999999999992,0,2024-07-14 03:00:11
-27.40000000000001,90.19999999999992,0,2023-04-28 20:22:41
-27.40000000000001,91.99999999999991,0,2023-06-17 09:18:00
-27.40000000000001,93.79999999999991,0,2024-02-05 20:59:02
-27.40000000000001,95.59999999999991,0,2023-12-05 05:11:46
-27.40000000000001,97.3999999999999,0,2024-03-14 17:15:34
-27.40000000000001,99.1999999999999,0,2024-02-28 15:15:44
-25.60000000000001,34.4,0,2024-03-18 12:53:10
-25.60000000000001,36.199999999999996,0,2023-03-11 19:06:14
-25.60000000000001,37.99999999999999,0,2023-08-07 21:52:30
-25.60000000000001,39.79999999999999,0,2024-05-28 12:09:00
-25.60000000000001,41.59999999999999,0,2024-03-16 23:59:39
-25.60000000000001,43.399999999999984,0,2024-07-09 12:19:14
-25.60000000000001,46.99999999999998,0,2023-09-01 04:33:10
-25.60000000000001,48.799999999999976,0,2023-12-23 09:52:32
-25.60000000000001,50.59999999999997,0,2023-06-04 22:30:36
-25.60000000000001,52.39999999999997,0,2023-09-30 19:53:13
-25.60000000000001,54.19999999999997,0,2023-09-07 02:01:07
-25.60000000000001,55.999999999999964,0,2024-07-22 20:42:21
-25.60000000000001,57.79999999999996,0,2024-07-27 02:21:49
-25.60000000000001,59.59999999999996,0,2024-04-15 14:26:08
-25.60000000000001,61.399999999999956,0,2023-09-09 10:17:32
-25.60000000000001,63.19999999999995,0,2023-12-17 10:01:16
-25.60000000000001,64.99999999999996,0,2024-04-17 08:36:30
-25.60000000000001,66.79999999999995,0,2024-01-20 00:12:27
-25.60000000000001,70.39999999999995,0,2023-10-25 09:28:50
-25.60000000000001,72.19999999999995,0,2024-08-22 21:22:10
-25.60000000000001,73.99999999999994,0,2023-09-13 05:51:31
-25.60000000000001,75.79999999999994,0,2023-10-23 11:15:52
-25.60000000000001,77.59999999999994,0,2023-07-27 19:50:24
-25.60000000000001,79.39999999999993,0,2023-12-28 07:56:12
-25.60000000000001,81.19999999999993,0,2024-05-04 21:12:16
-25.60000000000001,82.99999999999993,0,2023-05-02 18:02:41
-25.60000000000001,84.79999999999993,0,2024-02-15 18:02:00
-25.60000000000001,86.59999999999992,0,2023-07-22 14:13:54
-25.60000000000001,88.39999999999992,0,2023-05-10 19:14:50
-25.60000000000001,90.19999999999992,0,2023-04-19 05:12:16
-25.60000000000001,91.99999999999991,0,2023-11-22 05:48:42
-25.60000000000001,93.79999999999991,0,2024-02-16 07:36:34
-25.60000000000001,95.59999999999991,0,2023-10-26 17:04:01
-25.60000000000001,97.3999999999999,0,2023-12-01 04:35:05
-25.60000000000001,99.1999999999999,0,2023-02-13 12:10:26
-23.800000000000008,36.199999999999996,0,2023-06-28 04:34:33
-23.800000000000008,37.99999999999999,0,2023-01-13 20:53:48
-23.800000000000008,39.79999999999999,0,2023-06-11 08:43:49
-23.800000000000008,41.59999999999999,0,2023-10-10 08:17:09
-23.800000000000008,43.399999999999984,0,2023-07-01 20:31:27
-23.800000000000008,48.799999999999976,0,2023-09-12 16:17:07
-23.800000000000008,50.59999999999997,0,2024-05-07 03:52:15
-23.800000000000008,52.39999999999997,0,2023-03-24 14:00:46
-23.800000000000008,54.19999999999997,0,2023-11-14 11:12:17
-23.800000000000008,55.999999999999964,0,2024-01-26 11:43:26
-23.800000000000008,59.59999999999996,0,2023-06-30 18:55:32
-23.800000000000008,61.399999999999956,0,2023-03-27 06:40:31
-23.800000000000008,63.19999999999995,0,2023-04-08 16:17:09
-23.800000000000008,64.99999999999996,0,2023-06-25 09:38:55
-23.800000000000008,66.79999999999995,0,2024-07-17 02:15:46
-23.800000000000008,68.59999999999995,0,2024-04-20 17:38:54
-23.800000000000008,70.39999999999995,0,2024-05-08 15:05:20
-23.800000000000008,72.19999999999995,0,2024-07-19 07:55:41
-23.800000000000008,73.99999999999994,0,2023-10-27 17:45:35
-23.800000000000008,75.79999999999994,0,2023-08-07 07:57:37
-23.800000000000008,77.59999999999994,0,2024-01-17 15:53:04
-23.800000000000008,79.39999999999993,0,2023-10-22 23:10:32
-23.800000000000008,81.19999999999993,0,2024-01-09 14:00:52
-23.800000000000008,82.99999999999993,0,2024-06-17 01:55:44
-23.800000000000008,84.79999999999993,0,2023-01-25 20:29:52
-23.800000000000008,86.59999999999992,0,2024-06-18 23:10:40
-23.800000000000008,88.39999999999992,0,2023-07-28 03:18:40
-23.800000000000008,90.19999999999992,0,2023-03-04 06:17:56
-23.800000000000008,91.99999999999991,0,2023-04-19 21:21:13
-23.800000000000008,93.79999999999991,0,2023-12-21 10:39:20
-23.800000000000008,95.59999999999991,0,2024-05-28 04:54:04
-23.800000000000008,97.3999999999999,0,2024-05-09 22:48:37
-23.800000000000008,99.1999999999999,0,2024-04-26 07:22:21
-22.000000000000007,36.199999999999996,0,2023-05-01 16:12:55
-22.000000000000007,37.99999999999999,0,2024-03-22 09:08:33
-22.000000000000007,39.79999999999999,0,2023-02-18 10:35:07
-22.000000000000007,41.59999999999999,0,2024-02-21 19:21:26
-22.000000000000007,48.799999999999976,0,2023-04-09 19:31:09
-22.000000000000007,50.59999999999997,0,2023-06-20 20:38:29
-22.000000000000007,52.39999999999997,0,2023-07-14 16:19:17
-22.000000000000007,54.19999999999997,0,2023-01-22 15:19:44
-22.000000000000007,55.999999999999964,0,2023-12-05 12:22:32
-22.000000000000007,57.79999999999996,0,2024-03-25 02:38:22
-22.000000000000007,59.59999999999996,0,2024-04-01 19:13:00
-22.000000000000007,61.399999999999956,0,2023-07-27 03:14:10
-22.000000000000007,63.19999999999995,0,2023-08-05 08:47:10
-22.000000000000007,64.99999999999996,0,2024-06-08 01:26:23
-22.000000000000007,66.79999999999995,0,2023-09-11 18:38:17
-22.000000000000007,68.59999999999995,0,2023-10-20 14:22:54
-22.000000000000007,70.39999999999995,0,2023-09-26 06:24:42
-22.000000000000007,75.79999999999994,0,2024-03-16 09:50:37
-22.000000000000007,77.59999999999994,0,2023-04-25 19:55:19
-22.000000000000007,81.19999999999993,0,2023-12-02 10:28:20
-22.000000000000007,82.99999999999993,0,2023-08-28 21:20:15
-22.000000000000007,84.79999999999993,0,2024-07-08 05:06:23
-22.000000000000007,86.59999999999992,0,2024-08-22 06:03:43
-22.000000000000007,88.39999999999992,0,2024-03-31 17:42:10
-22.000000000000007,90.19999999999992,0,2023-07-05 03:33:42
-22.000000000000007,91.99999999999991,0,2024-07-11 03:22:08
-22.000000000000007,93.79999999999991,0,2024-08-13 13:41:22
-22.000000000000007,95.59999999999991,0,2023-12-12 21:34:19
-22.000000000000007,97.3999999999999,0,2024-05-15 07:41:28
-22.000000000000007,99.1999999999999,0,2023-10-10 15:01:09
-20.200000000000006,36.199999999999996,0,2023-12-18 23:50:51
-20.200000000000006,37.99999999999999,0,2024-06-08 08:44:53
-20.200000000000006,41.59999999999999,0,2023-01-14 09:24:39
-20.200000000000006,43.399999999999984,0,2024-01-24 12:48:07
-20.200000000000006,50.59999999999997,0,2023-06-11 18:12:08
-20.200000000000006,52.39999999999997,0,2023-10-04 12:44:34
-20.200000000000006,54.19999999999997,0,2023-02-25 06:27:49
-20.200000000000006,59.59999999999996,0,2023-04-26 22:04:52
-20.200000000000006,61.399999999999956,0,2023-04-25 16:32:02
-20.200000000000006,63.19999999999995,0,2024-04-11 13:30:35
-20.200000000000006,64.99999999999996,0,2024-08-07 18:23:34
-20.200000000000006,66.79999999999995,0,2023-02-24 20:15:21
-20.200000000000006,68.59999999999995,0,2024-01-07 22:53:01
-20.200000000000006,70.39999999999995,0,2024-08-23 02:38:28
-20.200000000000006,72.19999999999995,0,2024-02-09 16:43:39
-20.200000000000006,75.79999999999994,0,2024-06-29 16:30:53
-20.200000000000006,77.59999999999994,0,2023-01-07 02:14:42
-20.200000000000006,81.19999999999993,0,2024-07-28 10:20:13
-20.200000000000006,82.99999999999993,0,2024-03-30 23:46:25
-20.200000000000006,84.79999999999993,0,2024-02-06 10:07:59
-20.200000000000006,86.59999999999992,0,2024-04-03 03:17:27
-20.200000000000006,88.39999999999992,0,2023-08-23 20:24:04
-20.200000000000006,91.99999999999991,0,2023-09-19 15:51:10
-20.200000000000006,93.79999999999991,0,2024-03-05 10:37:27
-20.200000000000006,95.59999999999991,0,2023-01-17 07:13:22
-20.200000000000006,97.3999999999999,0,2024-07-23 17:31:02
-20.200000000000006,99.1999999999999,0,2023-06-13 01:25:00
-18.400000000000006,37.99999999999999,0,2023-08-22 15:17:16
-18.400000000000006,39.79999999999999,0,2023-12-08 21:49:41
-18.400000000000006,41.59999999999999,0,2023-09-12 00:41:26
-18.400000000000006,43.399999999999984,0,2024-06-12 19:11:30
-18.400000000000006,50.59999999999997,0,2024-03-07 16:53:02
-18.400000000000006,52.39999999999997,0,2023-11-09 04:34:33
-18.400000000000006,54.19999999999997,0,2023-02-17 01:58:12
-18.400000000000006,55.999999999999964,0,2024-02-08 06:25:41
-18.400000000000006,57.79999999999996,0,2024-02-16 07:24:36
-18.400000000000006,59.59999999999996,0,2023-02-23 15:40:00
-18.400000000000006,61.399999999999956,0,2023-06-14 17:23:42
-18.400000000000006,63.19999999999995,0,2023-09-07 04:42:24
-18.400000000000006,64.99999999999996,0,2024-04-16 16:37:00
-18.400000000000006,66.79999999999995,0,2023-06-17 09:32:28
-18.400000000000006,68.59999999999995,0,2023-11-24 19:42:22
-18.400000000000006,70.39999999999995,0,2024-03-01 11:08:53
-18.400000000000006,72.19999999999995,0,2023-05-14 04:55:56
-18.400000000000006,73.99999999999994,0,2023-04-19 14:29:34
-18.400000000000006,75.79999999999994,0,2023-12-17 11:14:24
-18.400000000000006,77.59999999999994,0,2023-05-08 19:32:04
-18.400000000000006,79.39999999999993,0,2023-05-13 19:20:59
-18.400000000000006,81.19999999999993,0,2024-04-02 19:47:17
-18.400000000000006,82.99999999999993,0,2024-02-04 07:35:11
-18.400000000000006,84.79999999999993,0,2023-12-07 01:30:10
-18.400000000000006,86.59999999999992,0,2024-02-09 14:08:03
-18.400000000000006,88.39999999999992,0,2024-03-09 21:17:52
-18.400000000000006,90.19999999999992,0,2024-02-21 14:31:59
-18.400000000000006,91.99999999999991,0,2023-07-19 05:47:18
-18.400000000000006,93.79999999999991,0,2024-01-24 16:37:01
-18.400000000000006,95.59999999999991,0,2023-10-19 20:55:55
-18.400000000000006,97.3999999999999,0,2023-12-30 06:52:23
-18.400000000000006,99.1999999999999,0,2023-07-13 15:42:17
-16.600000000000005,41.59999999999999,0,2023-06-25 15:48:27
-16.600000000000005,43.399999999999984,0,2024-03-07 00:43:22
-16.600000000000005,50.59999999999997,0,2024-08-24 15:41:16
-16.600000000000005,52.39999999999997,0,2023-01-12 19:16:26
-16.600000000000005,54.19999999999997,0,2023-02-09 22:24:29
-16.600000000000005,55.999999999999964,0,2023-05-22 03:34:13
-16.600000000000005,57.79999999999996,0,2024-05-26 05:54:46
-16.600000000000005,61.399999999999956,0,2023-05-17 00:59:00
-16.600000000000005,63.19999999999995,0,2024-05-17 19:17:18
-16.600000000000005,64.99999999999996,0,2023-05-25 20:01:16
-16.600000000000005,66.79999999999995,0,2024-04-28 19:13:26
-16.600000000000005,68.59999999999995,0,2024-05-06 23:50:02
-16.600000000000005,70.39999999999995,0,2023-01-06 05:15:26
-16.600000000000005,72.19999999999995,0,2024-08-19 23:37:21
-16.600000000000005,73.99999999999994,0,2023-11-23 13:12:23
-16.600000000000005,75.79999999999994,0,2023-10-22 22:08:08
-16.600000000000005,77.59999999999994,0,2023-08-27 14:40:01
-16.600000000000005,79.39999999999993,0,2023-08-02 13:16:26
-16.600000000000005,81.19999999999993,0,2024-01-27 23:34:45
-16.600000000000005,82.99999999999993,0,2023-04-11 00:12:51
-16.600000000000005,86.59999999999992,0,2024-08-06 15:57:12
-16.600000000000005,88.39999999999992,0,2023-11-09 14:34:40
-16.600000000000005,90.19999999999992,0,2023-05-23 17:20:41
-16.600000000000005,91.99999999999991,0,2023-12-31 12:46:18
-16.600000000000005,93.79999999999991,0,2023-09-26 04:07:03
-16.600000000000005,95.59999999999991,0,2024-02-24 14:18:15
-16.600000000000005,97.3999999999999,0,2023-12-29 02:51:30
-16.600000000000005,99.1999999999999,0,2023-10-25 03:37:49
-14.800000000000004,41.59999999999999,0,2024-07-10 15:27:47
-14.800000000000004,43.399999999999984,0,2023-04-04 10:07:49
-14.800000000000004,45.19999999999998,0,2023-06-01 21:39:14
-14.800000000000004,50.59999999999997,0,2023-02-17 10:00:43
-14.800000000000004,52.39999999999997,0,2023-11-15 14:42:29
-14.800000000000004,54.19999999999997,0,2023-02-07 20:28:05
-14.800000000000004,57.79999999999996,0,2023-11-24 03:07:07
-14.800000000000004,63.19999999999995,0,2023-05-29 15:55:49
-14.800000000000004,64.99999999999996,0,2023-09-03 22:50:44
-14.800000000000004,66.79999999999995,0,2023-06-09 05:53:54
-14.800000000000004,68.59999999999995,0,2024-08-01 22:58:46
-14.800000000000004,70.39999999999995,0,2024-01-11 15:01:49
-14.800000000000004,72.19999999999995,0,2023-03-30 10:31:51
-14.800000000000004,73.99999999999994,0,2024-04-01 05:57:42
-14.800000000000004,75.79999999999994,0,2024-02-16 23:43:20
-14.800000000000004,77.59999999999994,0,2024-01-30 00:56:47
-14.800000000000004,79.39999999999993,0,2023-08-27 14:30:52
-14.800000000000004,81.19999999999993,0,2024-07-10 22:07:15
-14.800000000000004,82.99999999999993,0,2023-04-16 11:36:56
-14.800000000000004,84.79999999999993,0,2023-01-08 07:47:31
-14.800000000000004,86.59999999999992,0,2023-11-30 03:07:48
-14.800000000000004,88.39999999999992,0,2023-11-03 13:16:27
-14.800000000000004,90.19999999999992,0,2023-02-18 16:48:07
-14.800000000000004,91.99999999999991,0,2023-03-01 10:17:12
-14.800000000000004,93.79999999999991,0,2024-04-14 11:22:00
-14.800000000000004,95.59999999999991,0,2024-02-04 17:33:22
-14.800000000000004,97.3999999999999,0,2024-06-16 01:39:29
-14.800000000000004,99.1999999999999,0,2023-01-30 22:49:21
-13.000000000000004,41.59999999999999,0,2023-04-30 12:43:31
-13.000000000000004,43.399999999999984,0,2023-03-22 07:32:51
-13.000000000000004,46.99999999999998,0,2024-03-11 23:23:18
-13.000000000000004,50.59999999999997,0,2023-12-14 00:43:33
-13.000000000000004,52.39999999999997,0,2023-01-06 08:19:59
-13.000000000000004,54.19999999999997,0,2023-06-28 23:02:56
-13.000000000000004,55.999999999999964,0,2024-03-15 00:15:23
-13.000000000000004,57.79999999999996,0,2023-08-03 20:45:54
-13.000000000000004,59.59999999999996,0,2023-12-29 03:41:08
-13.000000000000004,61.399999999999956,0,2023-09-03 20:07:12
-13.000000000000004,63.19999999999995,0,2023-09-19 23:43:41
-13.000000000000004,64.99999999999996,0,2023-01-11 07:21:11
-13.000000000000004,66.79999999999995,0,2023-09-17 17:02:40
-13.000000000000004,68.59999999999995,0,2023-07-07 01:31:36
-13.000000000000004,70.39999999999995,0,2023-10-31 20:59:35
-13.000000000000004,72.19999999999995,0,2023-03-06 11:22:12
-13.000000000000004,73.99999999999994,0,2024-08-30 22:14:14
-13.000000000000004,75.79999999999994,0,2024-06-07 18:21:41
-13.000000000000004,77.59999999999994,0,2023-05-18 12:51:48
-13.000000000000004,79.39999999999993,0,2024-08-04 06:14:33
-13.000000000000004,81.19999999999993,0,2023-09-24 18:54:51
-13.000000000000004,82.99999999999993,0,2024-03-25 04:59:42
-13.000000000000004,84.79999999999993,0,2023-12-12 20:30:40
-13.000000000000004,86.59999999999992,0,2024-03-11 21:57:40
-13.000000000000004,88.39999999999992,0,2024-01-02 21:29:40
-13.000000000000004,90.19999999999992,0,2023-01-23 22:22:43
-13.000000000000004,91.99999999999991,0,2023-05-05 18:08:24
-13.000000000000004,93.79999999999991,0,2024-07-22 01:46:21
-13.000000000000004,95.59999999999991,0,2023-11-24 23:19:57
-13.000000000000004,97.3999999999999,0,2024-06-15 04:13:54
-13.000000000000004,99.1999999999999,0,2024-07-11 21:21:49
-11.200000000000003,41.59999999999999,0,2024-07-18 09:57:52
-11.200000000000003,45.19999999999998,0,2024-08-04 21:00:13
-11.200000000000003,46.99999999999998,0,2023-11-01 00:42:09
-11.200000000000003,48.799999999999976,0,2024-03-20 03:37:02
-11.200000000000003,50.59999999999997,0,2023-11-20 16:42:38
-11.200000000000003,54.19999999999997,0,2024-03-24 08:56:12
-11.200000000000003,55.999999999999964,0,2023-02-27 17:33:43
-11.200000000000003,57.79999999999996,0,2023-05-09 02:04:20
-11.200000000000003,59.59999999999996,0,2024-01-15 19:17:12
-11.200000000000003,61.399999999999956,0,2023-09-08 06:23:05
-11.200000000000003,63.19999999999995,0,2024-06-14 06:38:26
-11.200000000000003,64.99999999999996,0,2023-03-13 21:04:54
-11.200000000000003,66.79999999999995,0,2023-12-17 08:54:58
-11.200000000000003,68.59999999999995,0,2023-07-04 04:02:42
-11.200000000000003,70.39999999999995,0,2023-12-07 06:00:33
-11.200000000000003,72.19999999999995,0,2024-03-05 14:54:05
-11.200000000000003,73.99999999999994,0,2024-05-19 15:57:02
-11.200000000000003,75.79999999999994,0,2023-02-10 05:33:14
-11.200000000000003,77.59999999999994,0,2023-04-17 19:13:00
-11.200000000000003,79.39999999999993,0,2023-09-22 00:21:38
-11.200000000000003,81.19999999999993,0,2023-10-07 00:53:15
-11.200000000000003,82.99999999999993,0,2024-03-13 22:29:13
-11.200000000000003,84.79999999999993,0,2023-12-18 12:04:33
-11.200000000000003,86.59999999999992,0,2023-08-25 10:40:49
-11.200000000000003,88.39999999999992,0,2023-03-25 11:50:59
-11.200000000000003,90.19999999999992,0,2023-08-03 18:26:05
-11.200000000000003,91.99999999999991,0,2024-07-27 00:06:03
-11.200000000000003,93.79999999999991,0,2024-06-26 21:06:44
-11.200000000000003,95.59999999999991,0,2023-10-21 02:25:22
-11.200000000000003,97.3999999999999,0,2023-12-25 14:25:37
-11.200000000000003,99.1999999999999,0,2023-01-02 18:40:44
-9.400000000000002,41.59999999999999,0,2024-08-08 07:03:01
-9.400000000000002,43.399999999999984,0,2024-07-15 06:37:16
-9.400000000000002,45.19999999999998,0,2024-06-21 08:43:02
-9.400000000000002,46.99999999999998,0,2024-01-21 22:22:41
-9.400000000000002,52.39999999999997,0,2023-12-06 17:04:00
-9.400000000000002,54.19999999999997,0,2023-03-30 03:36:29
-9.400000000000002,55.999999999999964,0,2024-04-16 09:26:18
-9.400000000000002,59.59999999999996,0,2024-07-12 13:09:10
-9.400000000000002,61.399999999999956,0,2023-06-05 05:23:32
-9.400000000000002,63.19999999999995,0,2023-10-03 14:09:10
-9.400000000000002,64.99999999999996,0,2024-04-14 03:01:05
-9.400000000000002,66.79999999999995,0,2023-09-21 01:51:47
-9.400000000000002,68.59999999999995,0,2023-07-22 13:25:16
-9.400000000000002,70.39999999999995,0,2023-08-02 08:48:15
-9.400000000000002,72.19999999999995,0,2023-09-29 13:14:22
-9.400000000000002,73.99999999999994,0,2023-01-15 06:22:36
-9.400000000000002,75.79999999999994,0,2024-02-15 14:15:37
-9.400000000000002,77.59999999999994,0,2024-06-10 22:34:39
-9.400000000000002,79.39999999999993,0,2024-04-19 09:59:57
-9.400000000000002,81.19999999999993,0,2024-03-17 07:39:17
-9.400000000000002,82.99999999999993,0,2023-11-24 09:20:23
-9.400000000000002,84.79999999999993,0,2023-04-17 13:29:26
-9.400000000000002,86.59999999999992,0,2023-04-15 19:07:11
-9.400000000000002,88.39999999999992,0,2023-03-11 16:45:35
-9.400000000000002,90.19999999999992,0,2023-11-04 12:59:01
-9.400000000000002,91.99999999999991,0,2024-06-09 03:14:22
-9.400000000000002,93.79999999999991,0,2023-08-03 15:29:26
-9.400000000000002,95.59999999999991,0,2023-03-31 19:28:18
-9.400000000000002,97.3999999999999,0,2024-03-03 05:45:34
-9.400000000000002,99.1999999999999,0,2023-12-01 21:23:02
-7.600000000000002,41.59999999999999,0,2023-08-10 05:57:51
-7.600000000000002,45.19999999999998,0,2023-08-29 03:26:52
-7.600000000000002,46.99999999999998,0,2024-02-06 19:26:17
-7.600000000000002,48.799999999999976,0,2023-10-07 05:53:44
-7.600000000000002,50.59999999999997,0,2023-01-14 16:08:24
-7.600000000000002,52.39999999999997,0,2023-10-05 07:11:26
-7.600000000000002,54.19999999999997,0,2023-01-10 05:00:34
-7.600000000000002,55.999999999999964,0,2023-07-24 19:48:51
-7.600000000000002,57.79999999999996,0,2023-01-31 10:52:24
-7.600000000000002,61.399999999999956,0,2023-01-25 12:48:12
-7.600000000000002,63.19999999999995,0,2023-01-11 18:18:34
-7.600000000000002,64.99999999999996,0,2023-09-20 22:54:32
-7.600000000000002,66.79999999999995,0,2023-01-20 15:13:04
-7.600000000000002,68.59999999999995,0,2024-04-01 07:07:20
-7.600000000000002,70.39999999999995,0,2023-09-12 00:20:15
-7.600000000000002,72.19999999999995,0,2024-01-14 00:06:53
-7.600000000000002,73.99999999999994,0,2023-02-27 13:33:50
-7.600000000000002,75.79999999999994,0,2023-07-21 08:13:14
-7.600000000000002,77.59999999999994,0,2023-12-18 02:32:59
-7.600000000000002,79.39999999999993,0,2024-05-28 03:49:22
-7.600000000000002,81.19999999999993,0,2023-11-21 20:11:45
-7.600000000000002,82.99999999999993,0,2023-08-15 03:56:12
-7.600000000000002,84.79999999999993,0,2024-04-13 20:37:06
-7.600000000000002,86.59999999999992,0,2023-07-01 20:18:57
-7.600000000000002,88.39999999999992,0,2023-01-28 16:24:36
-7.600000000000002,90.19999999999992,0,2024-06-10 08:29:29
-7.600000000000002,91.99999999999991,0,2024-04-21 05:05:57
-7.600000000000002,93.79999999999991,0,2023-09-09 20:12:44
-7.600000000000002,97.3999999999999,0,2023-09-12 19:49:44
-7.600000000000002,99.1999999999999,0,2024-05-23 11:22:09
-5.8000000000000025,41.59999999999999,0,2024-01-03 04:14:24
-5.8000000000000025,45.19999999999998,0,2024-03-05 15:43:13
-5.8000000000000025,46.99999999999998,0,2023-10-13 14:45:27
-5.8000000000000025,48.799999999999976,0,2024-08-21 00:41:15
-5.8000000000000025,50.59999999999997,0,2023-02-03 07:23:25
-5.8000000000000025,52.39999999999997,0,2023-08-23 01:49:23
-5.8000000000000025,54.19999999999997,0,2024-05-22 03:37:19
-5.8000000000000025,55.999999999999964,0,2023-10-14 14:25:33
-5.8000000000000025,57.79999999999996,0,2024-07-19 06:09:21
-5.8000000000000025,59.59999999999996,0,2024-05-05 18:55:53
-5.8000000000000025,61.399999999999956,0,2024-01-03 20:40:35
-5.8000000000000025,63.19999999999995,0,2023-08-18 12:18:23
-5.8000000000000025,64.99999999999996,0,2024-01-16 04:23:49
-5.8000000000000025,66.79999999999995,0,2023-06-22 14:03:58
-5.8000000000000025,68.59999999999995,0,2024-03-07 11:17:05
-5.8000000000000025,70.39999999999995,0,2023-09-28 10:40:53
-5.8000000000000025,72.19999999999995,0,2024-02-12 06:59:00
-5.8000000000000025,73.99999999999994,0,2023-05-29 01:29:42
-5.8000000000000025,75.79999999999994,0,2023-02-28 16:15:44
-5.8000000000000025,77.59999999999994,0,2023-05-29 11:26:56
-5.8000000000000025,79.39999999999993,0,2024-05-14 04:12:51
-5.8000000000000025,82.99999999999993,0,2024-03-22 10:55:21
-5.8000000000000025,86.59999999999992,0,2023-11-27 13:43:47
-5.8000000000000025,88.39999999999992,0,2024-07-25 04:19:58
-5.8000000000000025,90.19999999999992,0,2024-07-19 10:50:08
-5.8000000000000025,91.99999999999991,0,2023-04-02 04:41:50
-5.8000000000000025,93.79999999999991,0,2023-01-31 23:47:37
-5.8000000000000025,95.59999999999991,0,2024-05-11 14:38:20
-5.8000000000000025,99.1999999999999,0,2024-08-03 21:15:20
-4.000000000000003,41.59999999999999,0,2023-08-22 12:39:08
-4.000000000000003,45.19999999999998,0,2023-11-08 09:46:09
-4.000000000000003,46.99999999999998,0,2023-06-25 08:03:45
-4.000000000000003,48.799999999999976,0,2023-10-22 14:18:22
-4.000000000000003,50.59999999999997,0,2023-02-22 08:48:52
-4.000000000000003,52.39999999999997,0,2023-10-17 16:10:39
-4.000000000000003,54.19999999999997,0,2023-07-17 00:31:13
-4.000000000000003,55.999999999999964,0,2024-06-04 07:50:41
-4.000000000000003,57.79999999999996,0,2023-06-04 02:31:07
-4.000000000000003,59.59999999999996,0,2023-07-09 09:28:15
-4.000000000000003,61.399999999999956,0,2023-11-27 17:39:40
-4.000000000000003,64.99999999999996,0,2023-11-22 21:13:55
-4.000000000000003,66.79999999999995,0,2023-09-23 09:40:44
-4.000000000000003,68.59999999999995,0,2024-05-21 15:27:05
-4.000000000000003,70.39999999999995,0,2024-08-16 04:51:28
-4.000000000000003,73.99999999999994,0,2024-05-30 14:13:14
-4.000000000000003,75.79999999999994,0,2024-01-25 02:26:51
-4.000000000000003,77.59999999999994,0,2023-12-21 17:18:33
-4.000000000000003,79.39999999999993,0,2023-07-04 09:38:17
-4.000000000000003,81.19999999999993,0,2023-02-12 07:40:21
-4.000000000000003,82.99999999999993,0,2024-04-08 17:10:48
-4.000000000000003,84.79999999999993,0,2024-05-05 23:17:29
-4.000000000000003,86.59999999999992,0,2024-04-30 03:10:44
-4.000000000000003,88.39999999999992,0,2023-07-15 02:14:16
-4.000000000000003,90.19999999999992,0,2023-10-29 23:54:13
-4.000000000000003,91.99999999999991,0,2023-01-25 07:48:18
-4.000000000000003,93.79999999999991,0,2024-08-26 23:00:18
-4.000000000000003,95.59999999999991,0,2023-02-05 02:29:17
-4.000000000000003,97.3999999999999,0,2024-08-28 14:22:33
-4.000000000000003,99.1999999999999,0,2023-05-11 05:19:32
-2.200000000000003,43.399999999999984,0,2023-03-31 10:47:20
-2.200000000000003,45.19999999999998,0,2024-01-13 19:49:59
-2.200000000000003,46.99999999999998,0,2023-02-03 15:44:28
-2.200000000000003,48.799999999999976,0,2023-05-08 20:07:56
-2.200000000000003,50.59999999999997,0,2024-05-09 11:12:43
-2.200000000000003,52.39999999999997,0,2023-07-29 19:06:09
-2.200000000000003,54.19999999999997,0,2023-02-12 17:36:14
-2.200000000000003,55.999999999999964,0,2023-06-17 13:51:19
-2.200000000000003,57.79999999999996,0,2024-04-23 07:32:14
-2.200000000000003,59.59999999999996,0,2023-10-20 04:26:43
-2.200000000000003,61.399999999999956,0,2023-08-11 14:09:31
-2.200000000000003,63.19999999999995,0,2023-07-20 17:26:02
-2.200000000000003,64.99999999999996,0,2023-10-30 18:27:36
-2.200000000000003,66.79999999999995,0,2024-03-27 01:14:12
-2.200000000000003,68.59999999999995,0,2023-01-17 04:27:16
-2.200000000000003,70.39999999999995,0,2024-06-18 11:20:56
-2.200000000000003,72.19999999999995,0,2024-01-02 13:39:06
-2.200000000000003,73.99999999999994,0,2023-07-09 08:11:41
-2.200000000000003,75.79999999999994,0,2023-08-02 06:23:12
-2.200000000000003,77.59999999999994,0,2023-11-26 12:17:30
-2.200000000000003,79.39999999999993,0,2023-06-07 20:29:35
-2.200000000000003,81.19999999999993,0,2024-08-20 18:25:21
-2.200000000000003,82.99999999999993,0,2023-05-25 07:42:27
-2.200000000000003,84.79999999999993,0,2023-05-05 16:57:57
-2.200000000000003,86.59999999999992,0,2023-08-03 23:52:33
-2.200000000000003,88.39999999999992,0,2023-11-18 21:44:04
-2.200000000000003,91.99999999999991,0,2024-02-16 14:55:34
-2.200000000000003,93.79999999999991,0,2024-03-19 21:58:59
-2.200000000000003,95.59999999999991,0,2023-11-28 12:25:12
-2.200000000000003,97.3999999999999,0,2023-04-18 01:55:16
-0.4000000000000028,43.399999999999984,0,2024-06-14 01:14:14
-0.4000000000000028,45.19999999999998,0,2023-12-25 00:23:11
-0.4000000000000028,46.99999999999998,0,2023-02-16 23:32:41
-0.4000000000000028,48.799999999999976,0,2023-10-15 21:31:33
-0.4000000000000028,50.59999999999997,0,2023-06-10 13:02:35
-0.4000000000000028,52.39999999999997,0,2023-11-20 16:33:23
-0.4000000000000028,54.19999999999997,0,2023-10-13 05:01:10
-0.4000000000000028,55.999999999999964,0,2023-07-22 13:23:18
-0.4000000000000028,61.399999999999956,0,2023-04-16 00:44:19
-0.4000000000000028,63.19999999999995,0,2023-07-11 17:15:09
-0.4000000000000028,64.99999999999996,0,2023-07-30 05:02:33
-0.4000000000000028,66.79999999999995,0,2023-06-09 01:12:02
-0.4000000000000028,68.59999999999995,0,2024-07-20 11:37:45
-0.4000000000000028,70.39999999999995,0,2024-06-01 04:34:59
-0.4000000000000028,72.19999999999995,0,2023-10-08 04:27:37
-0.4000000000000028,75.79999999999994,0,2023-09-12 23:26:27
-0.4000000000000028,77.59999999999994,0,2023-12-11 03:23:35
-0.4000000000000028,79.39999999999993,0,2023-05-20 01:12:49
-0.4000000000000028,81.19999999999993,0,2023-04-16 15:43:06
-0.4000000000000028,82.99999999999993,0,2023-07-10 09:28:42
-0.4000000000000028,84.79999999999993,0,2023-04-04 22:43:21
-0.4000000000000028,88.39999999999992,0,2023-03-22 14:44:04
-0.4000000000000028,90.19999999999992,0,2023-12-02 09:30:05
-0.4000000000000028,91.99999999999991,0,2024-03-02 06:53:57
-0.4000000000000028,93.79999999999991,0,2024-02-24 16:04:47
-0.4000000000000028,95.59999999999991,0,2023-07-24 09:37:10
-0.4000000000000028,97.3999999999999,0,2023-04-19 20:28:50
1.3999999999999972,45.19999999999998,0,2024-04-07 20:13:08
1.3999999999999972,46.99999999999998,0,2023-08-23 12:34:55
1.3999999999999972,48.799999999999976,0,2024-04-19 23:38:16
1.3999999999999972,50.59999999999997,0,2023-07-01 23:16:26
1.3999999999999972,52.39999999999997,0,2023-08-17 14:49:27
1.3999999999999972,54.19999999999997,0,2024-03-29 23:44:56
1.3999999999999972,55.999999999999964,0,2023-08-29 14:06:20
1.3999999999999972,57.79999999999996,0,2023-11-11 14:58:45
1.3999999999999972,59.59999999999996,0,2023-05-14 12:47:34
1.3999999999999972,61.399999999999956,0,2024-02-29 19:04:36
1.3999999999999972,63.19999999999995,0,2024-07-18 23:05:50
1.3999999999999972,64.99999999999996,0,2023-06-16 06:37:09
1.3999999999999972,66.79999999999995,0,2024-02-09 03:06:17
1.3999999999999972,68.59999999999995,0,2023-03-21 05:12:51
1.3999999999999972,70.39999999999995,0,2023-11-14 16:18:26
1.3999999999999972,72.19999999999995,0,2024-07-12 09:21:02
1.3999999999999972,73.99999999999994,0,2023-12-29 01:10:35
1.3999999999999972,75.79999999999994,0,2023-04-21 18:26:26
1.3999999999999972,77.59999999999994,0,2024-02-22 09:43:40
1.3999999999999972,79.39999999999993,0,2023-10-17 00:17:08
1.3999999999999972,81.19999999999993,0,2024-02-17 07:01:59
1.3999999999999972,82.99999999999993,0,2024-05-28 21:59:53
1.3999999999999972,84.79999999999993,0,2023-12-03 19:03:08
1.3999999999999972,86.59999999999992,0,2023-07-12 05:17:54
1.3999999999999972,88.39999999999992,0,2023-01-30 06:59:04
1.3999999999999972,90.19999999999992,0,2023-03-16 07:13:26
1.3999999999999972,91.99999999999991,0,2023-06-05 19:53:29
1.3999999999999972,93.79999999999991,0,2024-05-01 18:01:59
1.3999999999999972,95.59999999999991,0,2024-01-28 18:04:01
3.1999999999999975,48.799999999999976,0,2023-06-29 10:33:41
3.1999999999999975,50.59999999999997,0,2024-01-06 12:25:06
3.1999999999999975,52.39999999999997,0,2023-04-14 03:21:20
3.1999999999999975,54.19999999999997,0,2023-03-20 05:58:56
3.1999999999999975,55.999999999999964,0,2023-07-30 01:54:11
3.1999999999999975,57.79999999999996,0,2024-05-23 01:14:49
3.1999999999999975,59.59999999999996,0,2023-09-25 06:11:13
3.1999999999999975,61.399999999999956,0,2024-03-03 01:39:05
3.1999999999999975,63.19999999999995,0,2023-01-15 06:59:16
3.1999999999999975,64.99999999999996,0,2024-03-25 19:51:16
3.1999999999999975,66.79999999999995,0,2024-05-29 03:24:32
3.1999999999999975,68.59999999999995,0,2023-04-30 20:46:36
3.1999999999999975,70.39999999999995,0,2023-07-20 06:47:37
3.1999999999999975,72.19999999999995,0,2024-06-30 09:07:53
3.1999999999999975,75.79999999999994,0,2024-07-08 11:13:16
3.1999999999999975,77.59999999999994,0,2023-11-02 13:35:30
3.1999999999999975,79.39999999999993,0,2024-02-03 02:24:35
3.1999999999999975,81.19999999999993,0,2023-01-31 04:19:38
3.1999999999999975,82.99999999999993,0,2024-04-11 20:34:39
3.1999999999999975,84.79999999999993,0,2024-01-17 10:09:04
3.1999999999999975,86.59999999999992,0,2023-04-22 07:16:17
3.1999999999999975,88.39999999999992,0,2023-09-20 20:42:02
3.1999999999999975,90.19999999999992,0,2024-01-24 07:34:46
3.1999999999999975,91.99999999999991,0,2023-09-29 02:06:32
3.1999999999999975,93.79999999999991,0,2023-07-01 15:37:11
4.999999999999997,48.799999999999976,0,2023-06-12 22:15:13
4.999999999999997,50.59999999999997,0,2024-08-08 00:37:25
4.999999999999997,52.39999999999997,0,2023-05-14 01:13:13
4.999999999999997,54.19999999999997,0,2023-12-19 02:23:47
4.999999999999997,55.999999999999964,0,2024-07-07 19:45:32
4.999999999999997,59.59999999999996,0,2024-01-03 06:22:42
4.999999999999997,61.399999999999956,0,2023-02-26 09:17:31
4.999999999999997,63.19999999999995,0,2023-09-11 20:24:13
4.999999999999997,64.99999999999996,0,2023-01-09 14:50:57
4.999999999999997,66.79999999999995,0,2023-08-10 16:38:40
4.999999999999997,68.59999999999995,0,2023-10-03 22:49:20
4.999999999999997,70.39999999999995,0,2024-08-11 12:22:20
4.999999999999997,72.19999999999995,0,2023-01-08 21:28:34
4.999999999999997,73.99999999999994,0,2024-03-20 11:41:05
4.999999999999997,75.79999999999994,0,2023-02-09 02:37:52
4.999999999999997,77.59999999999994,0,2023-04-10 08:59:56
4.999999999999997,79.39999999999993,0,2023-01-25 16:50:57
4.999999999999997,81.19999999999993,0,2023-08-24 19:21:21
4.999999999999997,84.79999999999993,0,2024-07-10 03:27:47
4.999999999999997,86.59999999999992,0,2024-03-19 11:44:54
4.999999999999997,88.39999999999992,0,2023-03-14 23:39:09
4.999999999999997,90.19999999999992,0,2023-09-06 13:10:22
4.999999999999997,91.99999999999991,0,2023-07-10 04:04:42
4.999999999999997,93.79999999999991,0,2024-03-11 07:21:37
4.999999999999997,99.1999999999999,0,2023-05-26 05:25:14
6.799999999999997,50.59999999999997,0,2024-05-22 09:40:45
6.799999999999997,52.39999999999997,0,2024-03-08 14:07:40
6.799999999999997,54.19999999999997,0,2023-10-12 04:07:27
6.799999999999997,55.999999999999964,0,2023-12-17 11:52:51
6.799999999999997,57.79999999999996,0,2023-06-11 10:36:49
6.799999999999997,59.59999999999996,0,2024-02-23 01:06:29
6.799999999999997,61.399999999999956,0,2024-07-25 02:28:29
6.799999999999997,63.19999999999995,0,2023-08-26 01:56:55
6.799999999999997,64.99999999999996,0,2024-07-25 07:52:18
6.799999999999997,66.79999999999995,0,2024-08-17 21:42:27
6.799999999999997,68.59999999999995,0,2023-02-01 10:17:08
6.799999999999997,70.39999999999995,0,2024-03-04 14:16:57
6.799999999999997,72.19999999999995,0,2024-02-25 13:03:39
6.799999999999997,73.99999999999994,0,2024-07-04 10:50:05
6.799999999999997,75.79999999999994,0,2024-01-03 08:34:12
6.799999999999997,77.59999999999994,0,2023-09-30 03:12:25
6.799999999999997,79.39999999999993,0,2023-06-09 09:54:14
6.799999999999997,82.99999999999993,0,2024-03-26 01:44:39
6.799999999999997,84.79999999999993,0,2023-10-31 07:45:12
6.799999999999997,90.19999999999992,0,2023-11-17 08:49:53
6.799999999999997,95.59999999999991,0,2023-06-18 12:23:45
6.799999999999997,97.3999999999999,0,2023-08-05 16:45:34
6.799999999999997,99.1999999999999,0,2024-02-27 17:16:58
8.599999999999998,50.59999999999997,0,2023-04-15 09:12:36
8.599999999999998,52.39999999999997,0,2023-08-31 10:16:27
8.599999999999998,54.19999999999997,0,2024-07-28 02:45:50
8.599999999999998,55.999999999999964,0,2024-08-04 16:13:59
8.599999999999998,57.79999999999996,0,2024-07-06 08:25:01
8.599999999999998,59.59999999999996,0,2024-01-10 07:43:54
8.599999999999998,61.399999999999956,0,2024-02-02 16:56:21
8.599999999999998,63.19999999999995,0,2024-08-25 14:27:42
8.599999999999998,64.99999999999996,0,2024-05-28 18:21:58
8.599999999999998,66.79999999999995,0,2023-04-19 07:21:28
8.599999999999998,68.59999999999995,0,2023-12-15 03:27:38
8.599999999999998,70.39999999999995,0,2024-07-22 03:04:14
8.599999999999998,72.19999999999995,0,2024-01-17 19:51:46
8.599999999999998,73.99999999999994,0,2023-07-20 13:01:33
8.599999999999998,75.79999999999994,0,2023-04-13 09:22:53
8.599999999999998,79.39999999999993,0,2023-10-13 21:43:01
8.599999999999998,82.99999999999993,0,2023-01-20 00:10:56
8.599999999999998,84.79999999999993,0,2023-06-19 18:54:08
8.599999999999998,86.59999999999992,0,2024-05-07 12:49:08
8.599999999999998,88.39999999999992,0,2023-10-14 04:00:40
8.599999999999998,90.19999999999992,0,2024-05-23 09:31:52
8.599999999999998,91.99999999999991,0,2023-04-06 21:36:03
8.599999999999998,95.59999999999991,0,2023-03-20 00:30:10
8.599999999999998,97.3999999999999,0,2024-03-23 20:29:31
10.399999999999999,52.39999999999997,0,2024-02-23 11:12:25
10.399999999999999,54.19999999999997,0,2023-12-07 05:40:40
10.399999999999999,55.999999999999964,0,2024-08-04 02:47:26
10.399999999999999,57.79999999999996,0,2023-11-11 06:53:18
10.399999999999999,59.59999999999996,0,2024-07-30 05:46:27
10.399999999999999,61.399999999999956,0,2024-03-10 09:36:56
10.399999999999999,63.19999999999995,0,2023-03-27 07:05:27
10.399999999999999,64.99999999999996,0,2023-10-12 23:24:23
10.399999999999999,66.79999999999995,0,2023-01-10 03:32:59
10.399999999999999,70.39999999999995,0,2023-10-14 11:28:30
10.399999999999999,81.19999999999993,0,2024-02-24 08:44:09
10.399999999999999,82.99999999999993,0,2024-03-01 07:52:46
10.399999999999999,84.79999999999993,0,2024-02-14 07:12:30
10.399999999999999,86.59999999999992,0,2024-02-22 16:47:37
10.399999999999999,88.39999999999992,0,2023-11-23 14:40:34
10.399999999999999,90.19999999999992,0,2023-09-25 00:17:52
10.399999999999999,91.99999999999991,0,2023-12-14 02:42:42
10.399999999999999,93.79999999999991,0,2023-12-15 12:36:18
10.399999999999999,95.59999999999991,0,2024-05-01 01:17:32
10.399999999999999,97.3999999999999,0,2023-11-14 20:54:39
12.2,45.19999999999998,0,2024-08-03 05:36:44
12.2,46.99999999999998,0,2024-07-10 19:46:47
12.2,48.799999999999976,0,2023-07-09 06:25:40
12.2,55.999999999999964,0,2023-12-28 05:48:29
12.2,57.79999999999996,0,2024-06-17 02:14:36
12.2,61.399999999999956,0,2023-11-03 15:55:59
12.2,63.19999999999995,0,2023-12-11 05:31:29
12.2,64.99999999999996,0,2023-10-23 08:11:53
12.2,66.79999999999995,0,2024-07-30 18:07:20
12.2,68.59999999999995,0,2023-01-24 11:59:46
12.2,70.39999999999995,0,2024-08-04 17:17:25
12.2,73.99999999999994,0,2023-07-18 03:25:52
12.2,81.19999999999993,0,2023-12-12 14:08:15
12.2,82.99999999999993,0,2024-08-16 22:40:08
12.2,84.79999999999993,0,2024-06-19 11:16:22
12.2,86.59999999999992,0,2023-06-05 20:54:06
12.2,88.39999999999992,0,2024-05-13 11:23:32
12.2,90.19999999999992,0,2023-05-22 21:14:39
12.2,91.99999999999991,0,2024-06-03 02:53:06
12.2,95.59999999999991,0,2024-04-25 16:21:37
12.2,97.3999999999999,0,2024-02-20 03:48:07
14.0,50.59999999999997,0,2024-05-25 20:25:06
14.0,52.39999999999997,0,2024-03-12 05:31:46
14.0,54.19999999999997,0,2023-08-03 12:46:35
14.0,55.999999999999964,0,2023-05-23 21:51:01
14.0,59.59999999999996,0,2024-08-25 06:40:14
14.0,63.19999999999995,0,2023-09-03 08:27:42
14.0,64.99999999999996,0,2023-03-23 09:07:39
14.0,66.79999999999995,0,2023-04-01 18:10:05
14.0,70.39999999999995,0,2023-07-18 03:13:07
14.0,73.99999999999994,0,2023-05-07 14:01:35
14.0,81.19999999999993,0,2024-05-30 09:10:00
14.0,82.99999999999993,0,2024-04-09 16:39:35
14.0,84.79999999999993,0,2023-05-03 18:01:51
14.0,86.59999999999992,0,2024-03-03 04:59:11
14.0,88.39999999999992,0,2023-02-19 05:50:45
14.0,91.99999999999991,0,2023-03-08 16:11:51
14.0,93.79999999999991,0,2023-10-08 18:54:22
14.0,95.59999999999991,0,2023-09-11 05:49:57
14.0,97.3999999999999,0,2023-02-16 08:23:48
15.8,41.59999999999999,0,2024-05-17 21:05:37
15.8,54.19999999999997,0,2023-01-28 00:56:37
15.8,55.999999999999964,0,2023-10-01 09:58:27
15.8,57.79999999999996,0,2023-07-08 12:28:52
15.8,59.59999999999996,0,2023-10-13 15:37:24
15.8,61.399999999999956,0,2024-01-01 06:33:41
15.8,63.19999999999995,0,2024-04-15 04:52:20
15.8,64.99999999999996,0,2023-11-15 03:07:36
15.8,66.79999999999995,0,2023-10-27 13:29:09
15.8,68.59999999999995,0,2023-07-31 11:51:48
15.8,70.39999999999995,0,2023-06-12 10:43:27
15.8,72.19999999999995,0,2024-04-22 21:44:28
15.8,82.99999999999993,0,2023-06-19 14:27:40
15.8,84.79999999999993,0,2023-04-08 18:08:00
15.8,86.59999999999992,0,2024-05-25 01:49:50
15.8,88.39999999999992,0,2023-04-13 07:11:50
15.8,90.19999999999992,0,2024-05-23 16:09:42
15.8,93.79999999999991,0,2023-12-29 15:47:48
15.8,97.3999999999999,0,2023-08-05 07:31:31
17.6,39.79999999999999,0,2024-07-24 08:38:29
17.6,61.399999999999956,0,2023-04-27 21:54:51
17.6,63.19999999999995,0,2023-10-11 07:38:12
17.6,64.99999999999996,0,2024-05-02 07:34:38
17.6,66.79999999999995,0,2024-01-11 20:53:21
17.6,68.59999999999995,0,2023-01-05 08:36:30
17.6,70.39999999999995,0,2024-03-04 07:35:33
17.6,72.19999999999995,0,2024-01-13 00:32:35
17.6,84.79999999999993,0,2024-05-13 12:48:57
17.6,86.59999999999992,0,2023-06-24 00:55:21
17.6,88.39999999999992,0,2023-05-27 11:33:35
17.6,91.99999999999991,0,2023-06-17 20:53:08
17.6,93.79999999999991,0,2023-06-21 08:28:15
19.400000000000002,39.79999999999999,0,2024-04-19 02:05:16
19.400000000000002,59.59999999999996,0,2023-07-24 11:21:44
19.400000000000002,61.399999999999956,0,2024-06-26 04:44:35
19.400000000000002,63.19999999999995,0,2024-08-25 09:38:30
19.400000000000002,64.99999999999996,0,2024-03-20 20:30:07
19.400000000000002,66.79999999999995,0,2023-02-12 05:12:18
19.400000000000002,68.59999999999995,0,2024-02-15 01:48:38
19.400000000000002,70.39999999999995,0,2023-11-05 05:36:54
19.400000000000002,72.19999999999995,0,2023-09-19 19:13:03
19.400000000000002,86.59999999999992,0,2024-03-06 14:51:05
19.400000000000002,88.39999999999992,0,2024-04-10 05:07:35
19.400000000000002,90.19999999999992,0,2023-01-13 02:48:03
21.200000000000003,37.99999999999999,0,2023-08-27 14:13:10
21.200000000000003,59.59999999999996,0,2023-05-27 00:05:23
21.200000000000003,61.399999999999956,0,2024-03-04 13:19:42
21.200000000000003,63.19999999999995,0,2024-02-03 12:59:49
21.200000000000003,64.99999999999996,0,2023-01-30 10:28:37
21.200000000000003,66.79999999999995,0,2023-10-13 11:39:16
21.200000000000003,68.59999999999995,0,2023-02-07 11:06:28
21.200000000000003,72.19999999999995,0,2023-02-17 08:37:20
21.200000000000003,88.39999999999992,0,2023-05-23 11:15:25
21.200000000000003,90.19999999999992,0,2023-04-20 12:07:03
23.000000000000004,37.99999999999999,0,2023-05-01 20:47:14
23.000000000000004,61.399999999999956,0,2024-08-13 01:38:17
23.000000000000004,64.99999999999996,0,2023-02-06 12:39:15
23.000000000000004,66.79999999999995,0,2024-08-21 14:42:14
24.800000000000004,36.199999999999996,0,2023-05-14 06:43:12
24.800000000000004,54.19999999999997,0,2023-05-04 12:36:49
24.800000000000004,57.79999999999996,0,2023-05-12 23:49:14
24.800000000000004,59.59999999999996,0,2023-06-29 10:31:11
24.800000000000004,61.399999999999956,0,2023-06-06 23:03:49
24.800000000000004,63.19999999999995,0,2023-11-21 09:27:59
24.800000000000004,64.99999999999996,0,2023-09-04 02:13:20
26.600000000000005,52.39999999999997,0,2023-02-28 11:45:40
28.400000000000006,50.59999999999997,0,2023-09-14 05:24:03
