latitude,longitude,elevation,timestamp,coordinates
-40.0,20.0,0,2024-01-30 13:31:34,c1
-40.0,21.8,0,2023-01-12 04:03:22,c2
-40.0,23.6,0,2023-06-19 14:55:31,c3
-40.0,25.4,0,2023-05-09 17:28:11,c4
-40.0,27.200000000000003,0,2023-05-26 12:42:44,c5
-40.0,29.000000000000004,0,2023-02-11 15:16:09,c6
-40.0,30.800000000000004,0,2023-10-20 20:06:16,c7
-40.0,32.6,0,2023-12-31 09:21:54,c8
-40.0,36.2,0,2023-01-04 18:19:12,c9
-40.0,37.99999999999999,0,2023-10-27 15:39:40,c10
-40.0,41.59999999999999,0,2023-09-09 16:47:26,c11
-40.0,43.399999999999984,0,2024-06-26 23:38:10,c12
-40.0,45.19999999999998,0,2024-06-23 04:58:23,c13
-40.0,46.99999999999998,0,2024-01-24 12:16:34,c14
-40.0,48.799999999999976,0,2023-10-13 21:16:12,c15
-40.0,50.59999999999997,0,2024-03-24 06:49:37,c16
-40.0,52.39999999999997,0,2023-02-28 20:45:57,c17
-40.0,54.19999999999997,0,2024-02-24 11:24:45,c18
-40.0,55.999999999999964,0,2024-02-27 21:20:39,c19
-40.0,57.79999999999996,0,2023-03-21 02:19:23,c20
-40.0,59.59999999999996,0,2023-01-14 05:55:23,c21
-40.0,64.99999999999996,0,2023-03-17 12:42:48,c22
-40.0,66.79999999999995,0,2024-04-09 01:14:37,c23
-40.0,68.59999999999995,0,2024-05-30 08:31:22,c24
-40.0,70.39999999999995,0,2024-01-23 08:50:38,c25
-40.0,72.19999999999995,0,2023-08-01 06:45:23,c26
-40.0,73.99999999999994,0,2023-11-21 09:58:48,c27
-40.0,75.79999999999994,0,2023-04-20 01:38:45,c28
-40.0,77.59999999999994,0,2023-03-09 08:44:13,c29
-40.0,79.39999999999993,0,2024-04-16 11:35:53,c30
-40.0,81.19999999999993,0,2023-02-12 12:34:49,c31
-40.0,82.99999999999993,0,2023-09-11 16:46:32,c32
-40.0,84.79999999999993,0,2023-11-03 18:38:58,c33
-40.0,86.59999999999992,0,2023-09-08 10:24:47,c34
-40.0,88.39999999999992,0,2023-08-15 08:02:20,c35
-40.0,90.19999999999992,0,2024-04-18 13:32:54,c36
-40.0,93.79999999999993,0,2024-04-17 08:52:05,c37
-40.0,95.59999999999992,0,2024-08-09 04:50:18,c38
-40.0,97.3999999999999,0,2023-08-18 19:50:02,c39
-40.0,99.1999999999999,0,2023-02-11 08:42:25,c40
-38.2,20.0,0,2024-08-21 13:50:32,c41
-38.2,21.8,0,2023-01-30 15:54:13,c42
-38.2,23.6,0,2024-07-02 02:58:15,c43
-38.2,25.4,0,2024-07-29 18:16:34,c44
-38.2,27.200000000000003,0,2023-06-21 12:12:36,c45
-38.2,29.000000000000004,0,2023-08-28 09:17:51,c46
-38.2,30.800000000000004,0,2023-06-25 14:23:39,c47
-38.2,32.6,0,2024-04-03 07:37:08,c48
-38.2,34.4,0,2024-05-04 07:06:07,c49
-38.2,36.2,0,2023-03-20 13:21:34,c50
-38.2,37.99999999999999,0,2023-10-22 15:21:33,c51
-38.2,39.79999999999999,0,2024-05-20 01:27:50,c52
-38.2,41.59999999999999,0,2023-07-07 16:17:31,c53
-38.2,43.399999999999984,0,2023-06-24 04:48:45,c54
-38.2,45.19999999999998,0,2023-09-01 07:02:05,c55
-38.2,46.99999999999998,0,2023-11-20 23:49:02,c56
-38.2,48.799999999999976,0,2024-05-19 12:57:39,c57
-38.2,50.59999999999997,0,2024-04-19 23:40:28,c58
-38.2,52.39999999999997,0,2024-04-01 07:27:13,c59
-38.2,55.999999999999964,0,2023-09-11 22:15:32,c60
-38.2,57.79999999999996,0,2024-07-05 08:47:17,c61
-38.2,59.59999999999996,0,2024-06-04 02:07:35,c62
-38.2,61.39999999999996,0,2023-07-15 06:59:56,c63
-38.2,63.19999999999995,0,2023-08-19 23:06:10,c64
-38.2,64.99999999999996,0,2023-12-13 08:28:02,c65
-38.2,66.79999999999995,0,2023-03-29 21:47:22,c66
-38.2,68.59999999999995,0,2023-11-07 23:41:42,c67
-38.2,72.19999999999995,0,2023-03-14 15:51:23,c68
-38.2,73.99999999999994,0,2023-06-03 19:43:45,c69
-38.2,75.79999999999994,0,2024-05-17 16:43:05,c70
-38.2,79.39999999999993,0,2023-08-26 21:17:16,c71
-38.2,81.19999999999993,0,2023-06-23 09:48:47,c72
-38.2,82.99999999999993,0,2023-12-10 23:05:34,c73
-38.2,84.79999999999993,0,2024-02-08 05:46:55,c74
-38.2,86.59999999999992,0,2024-02-01 21:09:35,c75
-38.2,88.39999999999992,0,2024-08-24 04:11:18,c76
-38.2,90.19999999999992,0,2023-09-16 02:59:34,c77
-38.2,91.99999999999991,0,2023-05-03 11:50:28,c78
-38.2,93.79999999999993,0,2024-08-22 16:37:37,c79
-38.2,95.59999999999992,0,2023-09-09 07:54:00,c80
-38.2,97.3999999999999,0,2024-03-09 13:45:13,c81
-38.2,99.1999999999999,0,2024-04-10 06:47:26,c82
-36.400000000000006,20.0,0,2024-01-21 17:34:30,c83
-36.400000000000006,21.8,0,2023-01-22 17:40:50,c84
-36.400000000000006,23.6,0,2023-10-31 19:44:12,c85
-36.400000000000006,25.4,0,2023-06-22 05:54:43,c86
-36.400000000000006,27.200000000000003,0,2023-09-12 18:12:31,c87
-36.400000000000006,30.800000000000004,0,2024-05-24 09:48:03,c88
-36.400000000000006,32.6,0,2024-05-23 01:05:41,c89
-36.400000000000006,34.4,0,2023-12-14 13:47:07,c90
-36.400000000000006,36.2,0,2024-06-28 02:56:07,c91
-36.400000000000006,37.99999999999999,0,2023-01-20 14:07:03,c92
-36.400000000000006,39.79999999999999,0,2024-02-04 07:59:17,c93
-36.400000000000006,41.59999999999999,0,2024-06-21 23:20:03,c94
-36.400000000000006,43.399999999999984,0,2023-01-14 21:23:26,c95
-36.400000000000006,45.19999999999998,0,2023-08-01 19:22:48,c96
-36.400000000000006,46.99999999999998,0,2024-01-04 09:00:07,c97
-36.400000000000006,48.799999999999976,0,2023-10-22 22:46:36,c98
-36.400000000000006,50.59999999999997,0,2023-01-28 03:09:28,c99
-36.400000000000006,52.39999999999997,0,2024-07-23 09:45:34,c100
-36.400000000000006,54.19999999999997,0,2023-01-10 00:09:28,c101
-36.400000000000006,55.999999999999964,0,2023-04-28 20:44:29,c102
-36.400000000000006,57.79999999999996,0,2023-05-26 05:18:49,c103
-36.400000000000006,59.59999999999996,0,2024-07-06 19:39:57,c104
-36.400000000000006,63.19999999999995,0,2024-03-03 11:11:59,c105
-36.400000000000006,64.99999999999996,0,2024-05-21 00:25:08,c106
-36.400000000000006,66.79999999999995,0,2023-09-16 18:27:53,c107
-36.400000000000006,68.59999999999995,0,2023-06-22 10:58:41,c108
-36.400000000000006,70.39999999999995,0,2023-05-17 12:51:37,c109
-36.400000000000006,72.19999999999995,0,2023-03-14 00:26:56,c110
-36.400000000000006,73.99999999999994,0,2024-03-24 17:01:57,c111
-36.400000000000006,75.79999999999994,0,2023-02-23 23:57:32,c112
-36.400000000000006,77.59999999999994,0,2024-06-09 18:34:02,c113
-36.400000000000006,79.39999999999993,0,2023-01-10 22:40:42,c114
-36.400000000000006,81.19999999999993,0,2024-04-06 16:53:23,c115
-36.400000000000006,82.99999999999993,0,2023-07-24 23:09:49,c116
-36.400000000000006,84.79999999999993,0,2023-11-22 09:12:14,c117
-36.400000000000006,86.59999999999992,0,2024-04-17 18:25:35,c118
-36.400000000000006,88.39999999999992,0,2023-02-28 13:54:06,c119
-36.400000000000006,90.19999999999992,0,2024-02-26 10:30:12,c120
-36.400000000000006,91.99999999999991,0,2023-12-30 07:05:53,c121
-36.400000000000006,95.59999999999992,0,2024-08-01 02:42:39,c122
-36.400000000000006,97.3999999999999,0,2024-02-04 01:59:50,c123
-36.400000000000006,99.1999999999999,0,2023-08-07 18:11:38,c124
-34.60000000000001,21.8,0,2024-07-21 07:36:28,c125
-34.60000000000001,23.6,0,2023-06-09 22:41:00,c126
-34.60000000000001,25.4,0,2024-01-17 13:19:29,c127
-34.60000000000001,27.200000000000003,0,2023-08-23 17:21:41,c128
-34.60000000000001,29.000000000000004,0,2023-04-19 04:54:45,c129
-34.60000000000001,30.800000000000004,0,2023-12-24 06:59:35,c130
-34.60000000000001,32.6,0,2023-12-27 05:39:38,c131
-34.60000000000001,34.4,0,2023-09-28 08:36:52,c132
-34.60000000000001,36.2,0,2024-08-19 03:48:34,c133
-34.60000000000001,37.99999999999999,0,2023-02-10 22:39:30,c134
-34.60000000000001,39.79999999999999,0,2024-06-11 16:11:59,c135
-34.60000000000001,41.59999999999999,0,2024-04-20 07:56:56,c136
-34.60000000000001,43.399999999999984,0,2024-08-01 17:18:50,c137
-34.60000000000001,45.19999999999998,0,2023-01-28 07:26:57,c138
-34.60000000000001,46.99999999999998,0,2023-06-13 01:55:15,c139
-34.60000000000001,48.799999999999976,0,2023-05-06 19:57:03,c140
-34.60000000000001,50.59999999999997,0,2023-07-12 17:35:22,c141
-34.60000000000001,52.39999999999997,0,2023-02-21 11:00:38,c142
-34.60000000000001,54.19999999999997,0,2024-08-14 04:54:07,c143
-34.60000000000001,55.999999999999964,0,2024-07-13 14:23:08,c144
-34.60000000000001,57.79999999999996,0,2024-05-08 07:02:20,c145
-34.60000000000001,59.59999999999996,0,2023-07-23 04:18:03,c146
-34.60000000000001,61.39999999999996,0,2024-05-13 12:16:29,c147
-34.60000000000001,63.19999999999995,0,2023-05-28 06:49:25,c148
-34.60000000000001,64.99999999999996,0,2024-06-15 07:31:57,c149
-34.60000000000001,66.79999999999995,0,2023-02-28 22:24:19,c150
-34.60000000000001,68.59999999999995,0,2023-10-14 05:48:03,c151
-34.60000000000001,70.39999999999995,0,2023-02-06 07:10:40,c152
-34.60000000000001,72.19999999999995,0,2023-06-30 02:42:38,c153
-34.60000000000001,73.99999999999994,0,2023-02-20 15:58:26,c154
-34.60000000000001,77.59999999999994,0,2023-01-04 18:21:13,c155
-34.60000000000001,79.39999999999993,0,2024-01-27 12:38:33,c156
-34.60000000000001,81.19999999999993,0,2023-11-07 23:34:09,c157
-34.60000000000001,82.99999999999993,0,2023-02-26 17:48:27,c158
-34.60000000000001,84.79999999999993,0,2024-07-11 15:15:49,c159
-34.60000000000001,86.59999999999992,0,2023-11-20 11:52:08,c160
-34.60000000000001,88.39999999999992,0,2024-06-30 20:36:18,c161
-34.60000000000001,90.19999999999992,0,2023-12-26 15:05:00,c162
-34.60000000000001,93.79999999999993,0,2024-07-20 14:51:39,c163
-34.60000000000001,97.3999999999999,0,2023-01-04 20:30:50,c164
-34.60000000000001,99.1999999999999,0,2023-08-28 12:36:44,c165
-32.80000000000001,29.000000000000004,0,2023-05-20 23:50:42,c166
-32.80000000000001,30.800000000000004,0,2023-07-08 20:29:58,c167
-32.80000000000001,32.6,0,2024-07-17 18:38:41,c168
-32.80000000000001,34.4,0,2023-07-25 14:17:38,c169
-32.80000000000001,37.99999999999999,0,2024-08-19 09:59:20,c170
-32.80000000000001,39.79999999999999,0,2024-02-18 13:57:46,c171
-32.80000000000001,41.59999999999999,0,2024-04-13 02:33:18,c172
-32.80000000000001,45.19999999999998,0,2023-06-24 03:45:54,c173
-32.80000000000001,48.799999999999976,0,2024-08-14 04:27:58,c174
-32.80000000000001,50.59999999999997,0,2023-03-11 21:29:54,c175
-32.80000000000001,52.39999999999997,0,2023-02-26 02:19:50,c176
-32.80000000000001,54.19999999999997,0,2024-05-05 08:11:48,c177
-32.80000000000001,55.999999999999964,0,2023-04-13 23:00:15,c178
-32.80000000000001,57.79999999999996,0,2023-11-30 15:47:43,c179
-32.80000000000001,59.59999999999996,0,2024-08-11 04:11:53,c180
-32.80000000000001,61.39999999999996,0,2023-08-01 07:15:54,c181
-32.80000000000001,63.19999999999995,0,2023-11-03 08:56:17,c182
-32.80000000000001,64.99999999999996,0,2024-05-07 11:23:40,c183
-32.80000000000001,66.79999999999995,0,2024-05-27 05:49:27,c184
-32.80000000000001,68.59999999999995,0,2023-12-31 02:32:26,c185
-32.80000000000001,70.39999999999995,0,2023-09-09 17:19:51,c186
-32.80000000000001,72.19999999999995,0,2023-01-30 23:54:45,c187
-32.80000000000001,73.99999999999994,0,2023-04-07 04:34:23,c188
-32.80000000000001,75.79999999999994,0,2023-01-19 09:54:07,c189
-32.80000000000001,77.59999999999994,0,2023-02-07 18:51:47,c190
-32.80000000000001,79.39999999999993,0,2023-07-09 02:12:56,c191
-32.80000000000001,81.19999999999993,0,2023-04-05 23:03:55,c192
-32.80000000000001,82.99999999999993,0,2023-09-16 09:26:52,c193
-32.80000000000001,84.79999999999993,0,2024-06-12 00:58:38,c194
-32.80000000000001,88.39999999999992,0,2024-01-16 16:04:56,c195
-32.80000000000001,91.99999999999991,0,2024-06-26 12:49:35,c196
-32.80000000000001,93.79999999999993,0,2024-04-03 12:15:32,c197
-32.80000000000001,95.59999999999992,0,2023-04-17 00:58:13,c198
-32.80000000000001,97.3999999999999,0,2023-08-11 22:56:00,c199
-31.00000000000001,30.800000000000004,0,2023-12-20 09:57:04,c200
-31.00000000000001,32.6,0,2024-04-18 23:55:02,c201
-31.00000000000001,34.4,0,2023-12-26 05:16:31,c202
-31.00000000000001,36.2,0,2023-11-11 07:32:40,c203
-31.00000000000001,37.99999999999999,0,2024-06-19 15:31:58,c204
-31.00000000000001,39.79999999999999,0,2024-03-29 01:14:48,c205
-31.00000000000001,41.59999999999999,0,2023-08-24 12:48:35,c206
-31.00000000000001,43.399999999999984,0,2024-07-17 22:42:01,c207
-31.00000000000001,45.19999999999998,0,2023-09-04 14:54:05,c208
-31.00000000000001,46.99999999999998,0,2023-02-09 19:20:42,c209
-31.00000000000001,48.799999999999976,0,2023-01-23 08:44:50,c210
-31.00000000000001,50.59999999999997,0,2023-05-12 17:23:55,c211
-31.00000000000001,52.39999999999997,0,2023-11-30 10:18:37,c212
-31.00000000000001,54.19999999999997,0,2023-05-12 02:47:38,c213
-31.00000000000001,55.999999999999964,0,2023-08-25 23:24:17,c214
-31.00000000000001,57.79999999999996,0,2024-03-04 10:26:10,c215
-31.00000000000001,61.39999999999996,0,2024-03-01 13:07:23,c216
-31.00000000000001,63.19999999999995,0,2023-02-01 03:59:07,c217
-31.00000000000001,64.99999999999996,0,2023-07-06 16:15:27,c218
-31.00000000000001,66.79999999999995,0,2024-06-24 01:05:41,c219
-31.00000000000001,68.59999999999995,0,2024-01-13 01:50:38,c220
-31.00000000000001,70.39999999999995,0,2024-07-19 08:41:13,c221
-31.00000000000001,72.19999999999995,0,2023-06-16 03:06:27,c222
-31.00000000000001,73.99999999999994,0,2024-05-24 05:48:59,c223
-31.00000000000001,75.79999999999994,0,2023-04-22 03:08:59,c224
-31.00000000000001,77.59999999999994,0,2024-01-11 15:54:25,c225
-31.00000000000001,79.39999999999993,0,2023-05-13 10:34:03,c226
-31.00000000000001,81.19999999999993,0,2024-03-02 11:22:45,c227
-31.00000000000001,82.99999999999993,0,2023-08-12 00:27:02,c228
-31.00000000000001,84.79999999999993,0,2023-10-30 22:31:45,c229
-31.00000000000001,86.59999999999992,0,2023-10-26 06:52:56,c230
-31.00000000000001,88.39999999999992,0,2023-01-02 03:03:29,c231
-31.00000000000001,90.19999999999992,0,2023-12-04 13:37:05,c232
-31.00000000000001,91.99999999999991,0,2023-11-29 04:40:41,c233
-31.00000000000001,93.79999999999993,0,2024-03-21 13:37:25,c234
-31.00000000000001,95.59999999999992,0,2024-02-26 07:11:51,c235
-31.00000000000001,97.3999999999999,0,2023-04-29 05:34:37,c236
-31.00000000000001,99.1999999999999,0,2024-07-03 11:40:53,c237
-29.20000000000001,34.4,0,2023-09-02 02:54:24,c238
-29.20000000000001,36.2,0,2023-11-15 05:43:37,c239
-29.20000000000001,37.99999999999999,0,2024-01-16 09:51:35,c240
-29.20000000000001,39.79999999999999,0,2023-07-13 15:41:24,c241
-29.20000000000001,41.59999999999999,0,2023-04-14 10:12:15,c242
-29.20000000000001,43.399999999999984,0,2024-03-17 05:34:08,c243
-29.20000000000001,45.19999999999998,0,2024-01-06 18:24:48,c244
-29.20000000000001,46.99999999999998,0,2024-03-28 02:27:58,c245
-29.20000000000001,48.799999999999976,0,2023-03-26 07:50:00,c246
-29.20000000000001,50.59999999999997,0,2023-08-12 07:16:22,c247
-29.20000000000001,52.39999999999997,0,2023-09-20 08:15:10,c248
-29.20000000000001,54.19999999999997,0,2024-03-01 19:46:12,c249
-29.20000000000001,55.999999999999964,0,2023-04-15 01:34:14,c250
-29.20000000000001,57.79999999999996,0,2023-11-03 15:03:42,c251
-29.20000000000001,59.59999999999996,0,2024-04-28 08:00:44,c252
-29.20000000000001,61.39999999999996,0,2024-08-09 08:59:21,c253
-29.20000000000001,63.19999999999995,0,2023-03-05 03:29:31,c254
-29.20000000000001,64.99999999999996,0,2024-04-11 22:48:28,c255
-29.20000000000001,66.79999999999995,0,2024-06-22 21:37:54,c256
-29.20000000000001,68.59999999999995,0,2024-04-26 23:40:04,c257
-29.20000000000001,72.19999999999995,0,2024-06-03 01:24:37,c258
-29.20000000000001,73.99999999999994,0,2023-09-17 17:05:39,c259
-29.20000000000001,75.79999999999994,0,2023-04-08 02:45:57,c260
-29.20000000000001,77.59999999999994,0,2024-06-20 11:39:29,c261
-29.20000000000001,81.19999999999993,0,2023-03-19 09:23:15,c262
-29.20000000000001,82.99999999999993,0,2024-04-14 20:22:40,c263
-29.20000000000001,84.79999999999993,0,2023-07-07 15:18:40,c264
-29.20000000000001,86.59999999999992,0,2023-07-26 05:28:47,c265
-29.20000000000001,88.39999999999992,0,2024-03-22 19:46:19,c266
-29.20000000000001,91.99999999999991,0,2023-02-27 17:50:47,c267
-29.20000000000001,93.79999999999993,0,2023-09-12 07:20:08,c268
-29.20000000000001,95.59999999999992,0,2023-06-03 00:56:45,c269
-29.20000000000001,97.3999999999999,0,2024-07-19 07:09:52,c270
-29.20000000000001,99.1999999999999,0,2023-03-10 15:16:55,c271
-27.40000000000001,34.4,0,2024-05-24 00:24:04,c272
-27.40000000000001,36.2,0,2023-06-09 08:30:21,c273
-27.40000000000001,37.99999999999999,0,2024-08-25 15:22:17,c274
-27.40000000000001,39.79999999999999,0,2023-05-14 13:00:36,c275
-27.40000000000001,41.59999999999999,0,2023-07-05 10:28:29,c276
-27.40000000000001,45.19999999999998,0,2024-06-23 16:36:18,c277
-27.40000000000001,46.99999999999998,0,2023-04-22 18:17:29,c278
-27.40000000000001,48.799999999999976,0,2023-08-18 01:21:33,c279
-27.40000000000001,50.59999999999997,0,2023-12-06 18:51:15,c280
-27.40000000000001,52.39999999999997,0,2024-01-22 01:53:32,c281
-27.40000000000001,54.19999999999997,0,2024-04-10 11:49:04,c282
-27.40000000000001,55.999999999999964,0,2023-01-25 03:33:50,c283
-27.40000000000001,57.79999999999996,0,2023-03-14 10:12:24,c284
-27.40000000000001,59.59999999999996,0,2024-07-13 07:00:11,c285
-27.40000000000001,61.39999999999996,0,2023-06-05 16:42:58,c286
-27.40000000000001,63.19999999999995,0,2023-09-06 06:49:53,c287
-27.40000000000001,64.99999999999996,0,2023-11-01 20:54:50,c288
-27.40000000000001,66.79999999999995,0,2023-02-02 05:23:45,c289
-27.40000000000001,68.59999999999995,0,2024-06-27 21:39:04,c290
-27.40000000000001,70.39999999999995,0,2023-09-24 05:54:57,c291
-27.40000000000001,72.19999999999995,0,2024-01-30 23:57:51,c292
-27.40000000000001,73.99999999999994,0,2023-11-14 12:52:26,c293
-27.40000000000001,75.79999999999994,0,2023-09-01 12:56:36,c294
-27.40000000000001,77.59999999999994,0,2023-11-10 01:42:06,c295
-27.40000000000001,79.39999999999993,0,2024-08-29 16:18:54,c296
-27.40000000000001,81.19999999999993,0,2024-08-05 10:29:31,c297
-27.40000000000001,82.99999999999993,0,2023-01-30 07:55:48,c298
-27.40000000000001,84.79999999999993,0,2024-02-29 17:34:18,c299
-27.40000000000001,88.39999999999992,0,2024-07-14 03:00:11,c300
-27.40000000000001,90.19999999999992,0,2023-04-28 20:22:41,c301
-27.40000000000001,91.99999999999991,0,2023-06-17 09:18:00,c302
-27.40000000000001,93.79999999999993,0,2024-02-05 20:59:02,c303
-27.40000000000001,95.59999999999992,0,2023-12-05 05:11:46,c304
-27.40000000000001,97.3999999999999,0,2024-03-14 17:15:34,c305
-27.40000000000001,99.1999999999999,0,2024-02-28 15:15:44,c306
-25.60000000000001,34.4,0,2024-03-18 12:53:10,c307
-25.60000000000001,36.2,0,2023-03-11 19:06:14,c308
-25.60000000000001,37.99999999999999,0,2023-08-07 21:52:30,c309
-25.60000000000001,39.79999999999999,0,2024-05-28 12:09:00,c310
-25.60000000000001,41.59999999999999,0,2024-03-16 23:59:39,c311
-25.60000000000001,43.399999999999984,0,2024-07-09 12:19:14,c312
-25.60000000000001,46.99999999999998,0,2023-09-01 04:33:10,c313
-25.60000000000001,48.799999999999976,0,2023-12-23 09:52:32,c314
-25.60000000000001,50.59999999999997,0,2023-06-04 22:30:36,c315
-25.60000000000001,52.39999999999997,0,2023-09-30 19:53:13,c316
-25.60000000000001,54.19999999999997,0,2023-09-07 02:01:07,c317
-25.60000000000001,55.999999999999964,0,2024-07-22 20:42:21,c318
-25.60000000000001,57.79999999999996,0,2024-07-27 02:21:49,c319
-25.60000000000001,59.59999999999996,0,2024-04-15 14:26:08,c320
-25.60000000000001,61.39999999999996,0,2023-09-09 10:17:32,c321
-25.60000000000001,63.19999999999995,0,2023-12-17 10:01:16,c322
-25.60000000000001,64.99999999999996,0,2024-04-17 08:36:30,c323
-25.60000000000001,66.79999999999995,0,2024-01-20 00:12:27,c324
-25.60000000000001,70.39999999999995,0,2023-10-25 09:28:50,c325
-25.60000000000001,72.19999999999995,0,2024-08-22 21:22:10,c326
-25.60000000000001,73.99999999999994,0,2023-09-13 05:51:31,c327
-25.60000000000001,75.79999999999994,0,2023-10-23 11:15:52,c328
-25.60000000000001,77.59999999999994,0,2023-07-27 19:50:24,c329
-25.60000000000001,79.39999999999993,0,2023-12-28 07:56:12,c330
-25.60000000000001,81.19999999999993,0,2024-05-04 21:12:16,c331
-25.60000000000001,82.99999999999993,0,2023-05-02 18:02:41,c332
-25.60000000000001,84.79999999999993,0,2024-02-15 18:02:00,c333
-25.60000000000001,86.59999999999992,0,2023-07-22 14:13:54,c334
-25.60000000000001,88.39999999999992,0,2023-05-10 19:14:50,c335
-25.60000000000001,90.19999999999992,0,2023-04-19 05:12:16,c336
-25.60000000000001,91.99999999999991,0,2023-11-22 05:48:42,c337
-25.60000000000001,93.79999999999993,0,2024-02-16 07:36:34,c338
-25.60000000000001,95.59999999999992,0,2023-10-26 17:04:01,c339
-25.60000000000001,97.3999999999999,0,2023-12-01 04:35:05,c340
-25.60000000000001,99.1999999999999,0,2023-02-13 12:10:26,c341
-23.800000000000008,36.2,0,2023-06-28 04:34:33,c342
-23.800000000000008,37.99999999999999,0,2023-01-13 20:53:48,c343
-23.800000000000008,39.79999999999999,0,2023-06-11 08:43:49,c344
-23.800000000000008,41.59999999999999,0,2023-10-10 08:17:09,c345
-23.800000000000008,43.399999999999984,0,2023-07-01 20:31:27,c346
-23.800000000000008,48.799999999999976,0,2023-09-12 16:17:07,c347
-23.800000000000008,50.59999999999997,0,2024-05-07 03:52:15,c348
-23.800000000000008,52.39999999999997,0,2023-03-24 14:00:46,c349
-23.800000000000008,54.19999999999997,0,2023-11-14 11:12:17,c350
-23.800000000000008,55.999999999999964,0,2024-01-26 11:43:26,c351
-23.800000000000008,59.59999999999996,0,2023-06-30 18:55:32,c352
-23.800000000000008,61.39999999999996,0,2023-03-27 06:40:31,c353
-23.800000000000008,63.19999999999995,0,2023-04-08 16:17:09,c354
-23.800000000000008,64.99999999999996,0,2023-06-25 09:38:55,c355
-23.800000000000008,66.79999999999995,0,2024-07-17 02:15:46,c356
-23.800000000000008,68.59999999999995,0,2024-04-20 17:38:54,c357
-23.800000000000008,70.39999999999995,0,2024-05-08 15:05:20,c358
-23.800000000000008,72.19999999999995,0,2024-07-19 07:55:41,c359
-23.800000000000008,73.99999999999994,0,2023-10-27 17:45:35,c360
-23.800000000000008,75.79999999999994,0,2023-08-07 07:57:37,c361
-23.800000000000008,77.59999999999994,0,2024-01-17 15:53:04,c362
-23.800000000000008,79.39999999999993,0,2023-10-22 23:10:32,c363
-23.800000000000008,81.19999999999993,0,2024-01-09 14:00:52,c364
-23.800000000000008,82.99999999999993,0,2024-06-17 01:55:44,c365
-23.800000000000008,84.79999999999993,0,2023-01-25 20:29:52,c366
-23.800000000000008,86.59999999999992,0,2024-06-18 23:10:40,c367
-23.800000000000008,88.39999999999992,0,2023-07-28 03:18:40,c368
-23.800000000000008,90.19999999999992,0,2023-03-04 06:17:56,c369
-23.800000000000008,91.99999999999991,0,2023-04-19 21:21:13,c370
-23.800000000000008,93.79999999999993,0,2023-12-21 10:39:20,c371
-23.800000000000008,95.59999999999992,0,2024-05-28 04:54:04,c372
-23.800000000000008,97.3999999999999,0,2024-05-09 22:48:37,c373
-23.800000000000008,99.1999999999999,0,2024-04-26 07:22:21,c374
-22.000000000000007,36.2,0,2023-05-01 16:12:55,c375
-22.000000000000007,37.99999999999999,0,2024-03-22 09:08:33,c376
-22.000000000000007,39.79999999999999,0,2023-02-18 10:35:07,c377
-22.000000000000007,41.59999999999999,0,2024-02-21 19:21:26,c378
-22.000000000000007,48.799999999999976,0,2023-04-09 19:31:09,c379
-22.000000000000007,50.59999999999997,0,2023-06-20 20:38:29,c380
-22.000000000000007,52.39999999999997,0,2023-07-14 16:19:17,c381
-22.000000000000007,54.19999999999997,0,2023-01-22 15:19:44,c382
-22.000000000000007,55.999999999999964,0,2023-12-05 12:22:32,c383
-22.000000000000007,57.79999999999996,0,2024-03-25 02:38:22,c384
-22.000000000000007,59.59999999999996,0,2024-04-01 19:13:00,c385
-22.000000000000007,61.39999999999996,0,2023-07-27 03:14:10,c386
-22.000000000000007,63.19999999999995,0,2023-08-05 08:47:10,c387
-22.000000000000007,64.99999999999996,0,2024-06-08 01:26:23,c388
-22.000000000000007,66.79999999999995,0,2023-09-11 18:38:17,c389
-22.000000000000007,68.59999999999995,0,2023-10-20 14:22:54,c390
-22.000000000000007,70.39999999999995,0,2023-09-26 06:24:42,c391
-22.000000000000007,75.79999999999994,0,2024-03-16 09:50:37,c392
-22.000000000000007,77.59999999999994,0,2023-04-25 19:55:19,c393
-22.000000000000007,81.19999999999993,0,2023-12-02 10:28:20,c394
-22.000000000000007,82.99999999999993,0,2023-08-28 21:20:15,c395
-22.000000000000007,84.79999999999993,0,2024-07-08 05:06:23,c396
-22.000000000000007,86.59999999999992,0,2024-08-22 06:03:43,c397
-22.000000000000007,88.39999999999992,0,2024-03-31 17:42:10,c398
-22.000000000000007,90.19999999999992,0,2023-07-05 03:33:42,c399
-22.000000000000007,91.99999999999991,0,2024-07-11 03:22:08,c400
-22.000000000000007,93.79999999999993,0,2024-08-13 13:41:22,c401
-22.000000000000007,95.59999999999992,0,2023-12-12 21:34:19,c402
-22.000000000000007,97.3999999999999,0,2024-05-15 07:41:28,c403
-22.000000000000007,99.1999999999999,0,2023-10-10 15:01:09,c404
-20.200000000000006,36.2,0,2023-12-18 23:50:51,c405
-20.200000000000006,37.99999999999999,0,2024-06-08 08:44:53,c406
-20.200000000000006,41.59999999999999,0,2023-01-14 09:24:39,c407
-20.200000000000006,43.399999999999984,0,2024-01-24 12:48:07,c408
-20.200000000000006,50.59999999999997,0,2023-06-11 18:12:08,c409
-20.200000000000006,52.39999999999997,0,2023-10-04 12:44:34,c410
-20.200000000000006,54.19999999999997,0,2023-02-25 06:27:49,c411
-20.200000000000006,59.59999999999996,0,2023-04-26 22:04:52,c412
-20.200000000000006,61.39999999999996,0,2023-04-25 16:32:02,c413
-20.200000000000006,63.19999999999995,0,2024-04-11 13:30:35,c414
-20.200000000000006,64.99999999999996,0,2024-08-07 18:23:34,c415
-20.200000000000006,66.79999999999995,0,2023-02-24 20:15:21,c416
-20.200000000000006,68.59999999999995,0,2024-01-07 22:53:01,c417
-20.200000000000006,70.39999999999995,0,2024-08-23 02:38:28,c418
-20.200000000000006,72.19999999999995,0,2024-02-09 16:43:39,c419
-20.200000000000006,75.79999999999994,0,2024-06-29 16:30:53,c420
-20.200000000000006,77.59999999999994,0,2023-01-07 02:14:42,c421
-20.200000000000006,81.19999999999993,0,2024-07-28 10:20:13,c422
-20.200000000000006,82.99999999999993,0,2024-03-30 23:46:25,c423
-20.200000000000006,84.79999999999993,0,2024-02-06 10:07:59,c424
-20.200000000000006,86.59999999999992,0,2024-04-03 03:17:27,c425
-20.200000000000006,88.39999999999992,0,2023-08-23 20:24:04,c426
-20.200000000000006,91.99999999999991,0,2023-09-19 15:51:10,c427
-20.200000000000006,93.79999999999993,0,2024-03-05 10:37:27,c428
-20.200000000000006,95.59999999999992,0,2023-01-17 07:13:22,c429
-20.200000000000006,97.3999999999999,0,2024-07-23 17:31:02,c430
-20.200000000000006,99.1999999999999,0,2023-06-13 01:25:00,c431
-18.40000000000001,37.99999999999999,0,2023-08-22 15:17:16,c432
-18.40000000000001,39.79999999999999,0,2023-12-08 21:49:41,c433
-18.40000000000001,41.59999999999999,0,2023-09-12 00:41:26,c434
-18.40000000000001,43.399999999999984,0,2024-06-12 19:11:30,c435
-18.40000000000001,50.59999999999997,0,2024-03-07 16:53:02,c436
-18.40000000000001,52.39999999999997,0,2023-11-09 04:34:33,c437
-18.40000000000001,54.19999999999997,0,2023-02-17 01:58:12,c438
-18.40000000000001,55.999999999999964,0,2024-02-08 06:25:41,c439
-18.40000000000001,57.79999999999996,0,2024-02-16 07:24:36,c440
-18.40000000000001,59.59999999999996,0,2023-02-23 15:40:00,c441
-18.40000000000001,61.39999999999996,0,2023-06-14 17:23:42,c442
-18.40000000000001,63.19999999999995,0,2023-09-07 04:42:24,c443
-18.40000000000001,64.99999999999996,0,2024-04-16 16:37:00,c444
-18.40000000000001,66.79999999999995,0,2023-06-17 09:32:28,c445
-18.40000000000001,68.59999999999995,0,2023-11-24 19:42:22,c446
-18.40000000000001,70.39999999999995,0,2024-03-01 11:08:53,c447
-18.40000000000001,72.19999999999995,0,2023-05-14 04:55:56,c448
-18.40000000000001,73.99999999999994,0,2023-04-19 14:29:34,c449
-18.40000000000001,75.79999999999994,0,2023-12-17 11:14:24,c450
-18.40000000000001,77.59999999999994,0,2023-05-08 19:32:04,c451
-18.40000000000001,79.39999999999993,0,2023-05-13 19:20:59,c452
-18.40000000000001,81.19999999999993,0,2024-04-02 19:47:17,c453
-18.40000000000001,82.99999999999993,0,2024-02-04 07:35:11,c454
-18.40000000000001,84.79999999999993,0,2023-12-07 01:30:10,c455
-18.40000000000001,86.59999999999992,0,2024-02-09 14:08:03,c456
-18.40000000000001,88.39999999999992,0,2024-03-09 21:17:52,c457
-18.40000000000001,90.19999999999992,0,2024-02-21 14:31:59,c458
-18.40000000000001,91.99999999999991,0,2023-07-19 05:47:18,c459
-18.40000000000001,93.79999999999993,0,2024-01-24 16:37:01,c460
-18.40000000000001,95.59999999999992,0,2023-10-19 20:55:55,c461
-18.40000000000001,97.3999999999999,0,2023-12-30 06:52:23,c462
-18.40000000000001,99.1999999999999,0,2023-07-13 15:42:17,c463
-16.600000000000005,41.59999999999999,0,2023-06-25 15:48:27,c464
-16.600000000000005,43.399999999999984,0,2024-03-07 00:43:22,c465
-16.600000000000005,50.59999999999997,0,2024-08-24 15:41:16,c466
-16.600000000000005,52.39999999999997,0,2023-01-12 19:16:26,c467
-16.600000000000005,54.19999999999997,0,2023-02-09 22:24:29,c468
-16.600000000000005,55.999999999999964,0,2023-05-22 03:34:13,c469
-16.600000000000005,57.79999999999996,0,2024-05-26 05:54:46,c470
-16.600000000000005,61.39999999999996,0,2023-05-17 00:59:00,c471
-16.600000000000005,63.19999999999995,0,2024-05-17 19:17:18,c472
-16.600000000000005,64.99999999999996,0,2023-05-25 20:01:16,c473
-16.600000000000005,66.79999999999995,0,2024-04-28 19:13:26,c474
-16.600000000000005,68.59999999999995,0,2024-05-06 23:50:02,c475
-16.600000000000005,70.39999999999995,0,2023-01-06 05:15:26,c476
-16.600000000000005,72.19999999999995,0,2024-08-19 23:37:21,c477
-16.600000000000005,73.99999999999994,0,2023-11-23 13:12:23,c478
-16.600000000000005,75.79999999999994,0,2023-10-22 22:08:08,c479
-16.600000000000005,77.59999999999994,0,2023-08-27 14:40:01,c480
-16.600000000000005,79.39999999999993,0,2023-08-02 13:16:26,c481
-16.600000000000005,81.19999999999993,0,2024-01-27 23:34:45,c482
-16.600000000000005,82.99999999999993,0,2023-04-11 00:12:51,c483
-16.600000000000005,86.59999999999992,0,2024-08-06 15:57:12,c484
-16.600000000000005,88.39999999999992,0,2023-11-09 14:34:40,c485
-16.600000000000005,90.19999999999992,0,2023-05-23 17:20:41,c486
-16.600000000000005,91.99999999999991,0,2023-12-31 12:46:18,c487
-16.600000000000005,93.79999999999993,0,2023-09-26 04:07:03,c488
-16.600000000000005,95.59999999999992,0,2024-02-24 14:18:15,c489
-16.600000000000005,97.3999999999999,0,2023-12-29 02:51:30,c490
-16.600000000000005,99.1999999999999,0,2023-10-25 03:37:49,c491
-14.800000000000004,41.59999999999999,0,2024-07-10 15:27:47,c492
-14.800000000000004,43.399999999999984,0,2023-04-04 10:07:49,c493
-14.800000000000004,45.19999999999998,0,2023-06-01 21:39:14,c494
-14.800000000000004,50.59999999999997,0,2023-02-17 10:00:43,c495
-14.800000000000004,52.39999999999997,0,2023-11-15 14:42:29,c496
-14.800000000000004,54.19999999999997,0,2023-02-07 20:28:05,c497
-14.800000000000004,57.79999999999996,0,2023-11-24 03:07:07,c498
-14.800000000000004,63.19999999999995,0,2023-05-29 15:55:49,c499
-14.800000000000004,64.99999999999996,0,2023-09-03 22:50:44,c500
-14.800000000000004,66.79999999999995,0,2023-06-09 05:53:54,c501
-14.800000000000004,68.59999999999995,0,2024-08-01 22:58:46,c502
-14.800000000000004,70.39999999999995,0,2024-01-11 15:01:49,c503
-14.800000000000004,72.19999999999995,0,2023-03-30 10:31:51,c504
-14.800000000000004,73.99999999999994,0,2024-04-01 05:57:42,c505
-14.800000000000004,75.79999999999994,0,2024-02-16 23:43:20,c506
-14.800000000000004,77.59999999999994,0,2024-01-30 00:56:47,c507
-14.800000000000004,79.39999999999993,0,2023-08-27 14:30:52,c508
-14.800000000000004,81.19999999999993,0,2024-07-10 22:07:15,c509
-14.800000000000004,82.99999999999993,0,2023-04-16 11:36:56,c510
-14.800000000000004,84.79999999999993,0,2023-01-08 07:47:31,c511
-14.800000000000004,86.59999999999992,0,2023-11-30 03:07:48,c512
-14.800000000000004,88.39999999999992,0,2023-11-03 13:16:27,c513
-14.800000000000004,90.19999999999992,0,2023-02-18 16:48:07,c514
-14.800000000000004,91.99999999999991,0,2023-03-01 10:17:12,c515
-14.800000000000004,93.79999999999993,0,2024-04-14 11:22:00,c516
-14.800000000000004,95.59999999999992,0,2024-02-04 17:33:22,c517
-14.800000000000004,97.3999999999999,0,2024-06-16 01:39:29,c518
-14.800000000000004,99.1999999999999,0,2023-01-30 22:49:21,c519
-13.000000000000004,41.59999999999999,0,2023-04-30 12:43:31,c520
-13.000000000000004,43.399999999999984,0,2023-03-22 07:32:51,c521
-13.000000000000004,46.99999999999998,0,2024-03-11 23:23:18,c522
-13.000000000000004,50.59999999999997,0,2023-12-14 00:43:33,c523
-13.000000000000004,52.39999999999997,0,2023-01-06 08:19:59,c524
-13.000000000000004,54.19999999999997,0,2023-06-28 23:02:56,c525
-13.000000000000004,55.999999999999964,0,2024-03-15 00:15:23,c526
-13.000000000000004,57.79999999999996,0,2023-08-03 20:45:54,c527
-13.000000000000004,59.59999999999996,0,2023-12-29 03:41:08,c528
-13.000000000000004,61.39999999999996,0,2023-09-03 20:07:12,c529
-13.000000000000004,63.19999999999995,0,2023-09-19 23:43:41,c530
-13.000000000000004,64.99999999999996,0,2023-01-11 07:21:11,c531
-13.000000000000004,66.79999999999995,0,2023-09-17 17:02:40,c532
-13.000000000000004,68.59999999999995,0,2023-07-07 01:31:36,c533
-13.000000000000004,70.39999999999995,0,2023-10-31 20:59:35,c534
-13.000000000000004,72.19999999999995,0,2023-03-06 11:22:12,c535
-13.000000000000004,73.99999999999994,0,2024-08-30 22:14:14,c536
-13.000000000000004,75.79999999999994,0,2024-06-07 18:21:41,c537
-13.000000000000004,77.59999999999994,0,2023-05-18 12:51:48,c538
-13.000000000000004,79.39999999999993,0,2024-08-04 06:14:33,c539
-13.000000000000004,81.19999999999993,0,2023-09-24 18:54:51,c540
-13.000000000000004,82.99999999999993,0,2024-03-25 04:59:42,c541
-13.000000000000004,84.79999999999993,0,2023-12-12 20:30:40,c542
-13.000000000000004,86.59999999999992,0,2024-03-11 21:57:40,c543
-13.000000000000004,88.39999999999992,0,2024-01-02 21:29:40,c544
-13.000000000000004,90.19999999999992,0,2023-01-23 22:22:43,c545
-13.000000000000004,91.99999999999991,0,2023-05-05 18:08:24,c546
-13.000000000000004,93.79999999999993,0,2024-07-22 01:46:21,c547
-13.000000000000004,95.59999999999992,0,2023-11-24 23:19:57,c548
-13.000000000000004,97.3999999999999,0,2024-06-15 04:13:54,c549
-13.000000000000004,99.1999999999999,0,2024-07-11 21:21:49,c550
-11.200000000000005,41.59999999999999,0,2024-07-18 09:57:52,c551
-11.200000000000005,45.19999999999998,0,2024-08-04 21:00:13,c552
-11.200000000000005,46.99999999999998,0,2023-11-01 00:42:09,c553
-11.200000000000005,48.799999999999976,0,2024-03-20 03:37:02,c554
-11.200000000000005,50.59999999999997,0,2023-11-20 16:42:38,c555
-11.200000000000005,54.19999999999997,0,2024-03-24 08:56:12,c556
-11.200000000000005,55.999999999999964,0,2023-02-27 17:33:43,c557
-11.200000000000005,57.79999999999996,0,2023-05-09 02:04:20,c558
-11.200000000000005,59.59999999999996,0,2024-01-15 19:17:12,c559
-11.200000000000005,61.39999999999996,0,2023-09-08 06:23:05,c560
-11.200000000000005,63.19999999999995,0,2024-06-14 06:38:26,c561
-11.200000000000005,64.99999999999996,0,2023-03-13 21:04:54,c562
-11.200000000000005,66.79999999999995,0,2023-12-17 08:54:58,c563
-11.200000000000005,68.59999999999995,0,2023-07-04 04:02:42,c564
-11.200000000000005,70.39999999999995,0,2023-12-07 06:00:33,c565
-11.200000000000005,72.19999999999995,0,2024-03-05 14:54:05,c566
-11.200000000000005,73.99999999999994,0,2024-05-19 15:57:02,c567
-11.200000000000005,75.79999999999994,0,2023-02-10 05:33:14,c568
-11.200000000000005,77.59999999999994,0,2023-04-17 19:13:00,c569
-11.200000000000005,79.39999999999993,0,2023-09-22 00:21:38,c570
-11.200000000000005,81.19999999999993,0,2023-10-07 00:53:15,c571
-11.200000000000005,82.99999999999993,0,2024-03-13 22:29:13,c572
-11.200000000000005,84.79999999999993,0,2023-12-18 12:04:33,c573
-11.200000000000005,86.59999999999992,0,2023-08-25 10:40:49,c574
-11.200000000000005,88.39999999999992,0,2023-03-25 11:50:59,c575
-11.200000000000005,90.19999999999992,0,2023-08-03 18:26:05,c576
-11.200000000000005,91.99999999999991,0,2024-07-27 00:06:03,c577
-11.200000000000005,93.79999999999993,0,2024-06-26 21:06:44,c578
-11.200000000000005,95.59999999999992,0,2023-10-21 02:25:22,c579
-11.200000000000005,97.3999999999999,0,2023-12-25 14:25:37,c580
-11.200000000000005,99.1999999999999,0,2023-01-02 18:40:44,c581
-9.400000000000002,41.59999999999999,0,2024-08-08 07:03:01,c582
-9.400000000000002,43.399999999999984,0,2024-07-15 06:37:16,c583
-9.400000000000002,45.19999999999998,0,2024-06-21 08:43:02,c584
-9.400000000000002,46.99999999999998,0,2024-01-21 22:22:41,c585
-9.400000000000002,52.39999999999997,0,2023-12-06 17:04:00,c586
-9.400000000000002,54.19999999999997,0,2023-03-30 03:36:29,c587
-9.400000000000002,55.999999999999964,0,2024-04-16 09:26:18,c588
-9.400000000000002,59.59999999999996,0,2024-07-12 13:09:10,c589
-9.400000000000002,61.39999999999996,0,2023-06-05 05:23:32,c590
-9.400000000000002,63.19999999999995,0,2023-10-03 14:09:10,c591
-9.400000000000002,64.99999999999996,0,2024-04-14 03:01:05,c592
-9.400000000000002,66.79999999999995,0,2023-09-21 01:51:47,c593
-9.400000000000002,68.59999999999995,0,2023-07-22 13:25:16,c594
-9.400000000000002,70.39999999999995,0,2023-08-02 08:48:15,c595
-9.400000000000002,72.19999999999995,0,2023-09-29 13:14:22,c596
-9.400000000000002,73.99999999999994,0,2023-01-15 06:22:36,c597
-9.400000000000002,75.79999999999994,0,2024-02-15 14:15:37,c598
-9.400000000000002,77.59999999999994,0,2024-06-10 22:34:39,c599
-9.400000000000002,79.39999999999993,0,2024-04-19 09:59:57,c600
-9.400000000000002,81.19999999999993,0,2024-03-17 07:39:17,c601
-9.400000000000002,82.99999999999993,0,2023-11-24 09:20:23,c602
-9.400000000000002,84.79999999999993,0,2023-04-17 13:29:26,c603
-9.400000000000002,86.59999999999992,0,2023-04-15 19:07:11,c604
-9.400000000000002,88.39999999999992,0,2023-03-11 16:45:35,c605
-9.400000000000002,90.19999999999992,0,2023-11-04 12:59:01,c606
-9.400000000000002,91.99999999999991,0,2024-06-09 03:14:22,c607
-9.400000000000002,93.79999999999993,0,2023-08-03 15:29:26,c608
-9.400000000000002,95.59999999999992,0,2023-03-31 19:28:18,c609
-9.400000000000002,97.3999999999999,0,2024-03-03 05:45:34,c610
-9.400000000000002,99.1999999999999,0,2023-12-01 21:23:02,c611
-7.600000000000002,41.59999999999999,0,2023-08-10 05:57:51,c612
-7.600000000000002,45.19999999999998,0,2023-08-29 03:26:52,c613
-7.600000000000002,46.99999999999998,0,2024-02-06 19:26:17,c614
-7.600000000000002,48.799999999999976,0,2023-10-07 05:53:44,c615
-7.600000000000002,50.59999999999997,0,2023-01-14 16:08:24,c616
-7.600000000000002,52.39999999999997,0,2023-10-05 07:11:26,c617
-7.600000000000002,54.19999999999997,0,2023-01-10 05:00:34,c618
-7.600000000000002,55.999999999999964,0,2023-07-24 19:48:51,c619
-7.600000000000002,57.79999999999996,0,2023-01-31 10:52:24,c620
-7.600000000000002,61.39999999999996,0,2023-01-25 12:48:12,c621
-7.600000000000002,63.19999999999995,0,2023-01-11 18:18:34,c622
-7.600000000000002,64.99999999999996,0,2023-09-20 22:54:32,c623
-7.600000000000002,66.79999999999995,0,2023-01-20 15:13:04,c624
-7.600000000000002,68.59999999999995,0,2024-04-01 07:07:20,c625
-7.600000000000002,70.39999999999995,0,2023-09-12 00:20:15,c626
-7.600000000000002,72.19999999999995,0,2024-01-14 00:06:53,c627
-7.600000000000002,73.99999999999994,0,2023-02-27 13:33:50,c628
-7.600000000000002,75.79999999999994,0,2023-07-21 08:13:14,c629
-7.600000000000002,77.59999999999994,0,2023-12-18 02:32:59,c630
-7.600000000000002,79.39999999999993,0,2024-05-28 03:49:22,c631
-7.600000000000002,81.19999999999993,0,2023-11-21 20:11:45,c632
-7.600000000000002,82.99999999999993,0,2023-08-15 03:56:12,c633
-7.600000000000002,84.79999999999993,0,2024-04-13 20:37:06,c634
-7.600000000000002,86.59999999999992,0,2023-07-01 20:18:57,c635
-7.600000000000002,88.39999999999992,0,2023-01-28 16:24:36,c636
-7.600000000000002,90.19999999999992,0,2024-06-10 08:29:29,c637
-7.600000000000002,91.99999999999991,0,2024-04-21 05:05:57,c638
-7.600000000000002,93.79999999999993,0,2023-09-09 20:12:44,c639
-7.600000000000002,97.3999999999999,0,2023-09-12 19:49:44,c640
-7.600000000000002,99.1999999999999,0,2024-05-23 11:22:09,c641
-5.8000000000000025,41.59999999999999,0,2024-01-03 04:14:24,c642
-5.8000000000000025,45.19999999999998,0,2024-03-05 15:43:13,c643
-5.8000000000000025,46.99999999999998,0,2023-10-13 14:45:27,c644
-5.8000000000000025,48.799999999999976,0,2024-08-21 00:41:15,c645
-5.8000000000000025,50.59999999999997,0,2023-02-03 07:23:25,c646
-5.8000000000000025,52.39999999999997,0,2023-08-23 01:49:23,c647
-5.8000000000000025,54.19999999999997,0,2024-05-22 03:37:19,c648
-5.8000000000000025,55.999999999999964,0,2023-10-14 14:25:33,c649
-5.8000000000000025,57.79999999999996,0,2024-07-19 06:09:21,c650
-5.8000000000000025,59.59999999999996,0,2024-05-05 18:55:53,c651
-5.8000000000000025,61.39999999999996,0,2024-01-03 20:40:35,c652
-5.8000000000000025,63.19999999999995,0,2023-08-18 12:18:23,c653
-5.8000000000000025,64.99999999999996,0,2024-01-16 04:23:49,c654
-5.8000000000000025,66.79999999999995,0,2023-06-22 14:03:58,c655
-5.8000000000000025,68.59999999999995,0,2024-03-07 11:17:05,c656
-5.8000000000000025,70.39999999999995,0,2023-09-28 10:40:53,c657
-5.8000000000000025,72.19999999999995,0,2024-02-12 06:59:00,c658
-5.8000000000000025,73.99999999999994,0,2023-05-29 01:29:42,c659
-5.8000000000000025,75.79999999999994,0,2023-02-28 16:15:44,c660
-5.8000000000000025,77.59999999999994,0,2023-05-29 11:26:56,c661
-5.8000000000000025,79.39999999999993,0,2024-05-14 04:12:51,c662
-5.8000000000000025,82.99999999999993,0,2024-03-22 10:55:21,c663
-5.8000000000000025,86.59999999999992,0,2023-11-27 13:43:47,c664
-5.8000000000000025,88.39999999999992,0,2024-07-25 04:19:58,c665
-5.8000000000000025,90.19999999999992,0,2024-07-19 10:50:08,c666
-5.8000000000000025,91.99999999999991,0,2023-04-02 04:41:50,c667
-5.8000000000000025,93.79999999999993,0,2023-01-31 23:47:37,c668
-5.8000000000000025,95.59999999999992,0,2024-05-11 14:38:20,c669
-5.8000000000000025,99.1999999999999,0,2024-08-03 21:15:20,c670
-4.000000000000003,41.59999999999999,0,2023-08-22 12:39:08,c671
-4.000000000000003,45.19999999999998,0,2023-11-08 09:46:09,c672
-4.000000000000003,46.99999999999998,0,2023-06-25 08:03:45,c673
-4.000000000000003,48.799999999999976,0,2023-10-22 14:18:22,c674
-4.000000000000003,50.59999999999997,0,2023-02-22 08:48:52,c675
-4.000000000000003,52.39999999999997,0,2023-10-17 16:10:39,c676
-4.000000000000003,54.19999999999997,0,2023-07-17 00:31:13,c677
-4.000000000000003,55.999999999999964,0,2024-06-04 07:50:41,c678
-4.000000000000003,57.79999999999996,0,2023-06-04 02:31:07,c679
-4.000000000000003,59.59999999999996,0,2023-07-09 09:28:15,c680
-4.000000000000003,61.39999999999996,0,2023-11-27 17:39:40,c681
-4.000000000000003,64.99999999999996,0,2023-11-22 21:13:55,c682
-4.000000000000003,66.79999999999995,0,2023-09-23 09:40:44,c683
-4.000000000000003,68.59999999999995,0,2024-05-21 15:27:05,c684
-4.000000000000003,70.39999999999995,0,2024-08-16 04:51:28,c685
-4.000000000000003,73.99999999999994,0,2024-05-30 14:13:14,c686
-4.000000000000003,75.79999999999994,0,2024-01-25 02:26:51,c687
-4.000000000000003,77.59999999999994,0,2023-12-21 17:18:33,c688
-4.000000000000003,79.39999999999993,0,2023-07-04 09:38:17,c689
-4.000000000000003,81.19999999999993,0,2023-02-12 07:40:21,c690
-4.000000000000003,82.99999999999993,0,2024-04-08 17:10:48,c691
-4.000000000000003,84.79999999999993,0,2024-05-05 23:17:29,c692
-4.000000000000003,86.59999999999992,0,2024-04-30 03:10:44,c693
-4.000000000000003,88.39999999999992,0,2023-07-15 02:14:16,c694
-4.000000000000003,90.19999999999992,0,2023-10-29 23:54:13,c695
-4.000000000000003,91.99999999999991,0,2023-01-25 07:48:18,c696
-4.000000000000003,93.79999999999993,0,2024-08-26 23:00:18,c697
-4.000000000000003,95.59999999999992,0,2023-02-05 02:29:17,c698
-4.000000000000003,97.3999999999999,0,2024-08-28 14:22:33,c699
-4.000000000000003,99.1999999999999,0,2023-05-11 05:19:32,c700
-2.200000000000003,43.399999999999984,0,2023-03-31 10:47:20,c701
-2.200000000000003,45.19999999999998,0,2024-01-13 19:49:59,c702
-2.200000000000003,46.99999999999998,0,2023-02-03 15:44:28,c703
-2.200000000000003,48.799999999999976,0,2023-05-08 20:07:56,c704
-2.200000000000003,50.59999999999997,0,2024-05-09 11:12:43,c705
-2.200000000000003,52.39999999999997,0,2023-07-29 19:06:09,c706
-2.200000000000003,54.19999999999997,0,2023-02-12 17:36:14,c707
-2.200000000000003,55.999999999999964,0,2023-06-17 13:51:19,c708
-2.200000000000003,57.79999999999996,0,2024-04-23 07:32:14,c709
-2.200000000000003,59.59999999999996,0,2023-10-20 04:26:43,c710
-2.200000000000003,61.39999999999996,0,2023-08-11 14:09:31,c711
-2.200000000000003,63.19999999999995,0,2023-07-20 17:26:02,c712
-2.200000000000003,64.99999999999996,0,2023-10-30 18:27:36,c713
-2.200000000000003,66.79999999999995,0,2024-03-27 01:14:12,c714
-2.200000000000003,68.59999999999995,0,2023-01-17 04:27:16,c715
-2.200000000000003,70.39999999999995,0,2024-06-18 11:20:56,c716
-2.200000000000003,72.19999999999995,0,2024-01-02 13:39:06,c717
-2.200000000000003,73.99999999999994,0,2023-07-09 08:11:41,c718
-2.200000000000003,75.79999999999994,0,2023-08-02 06:23:12,c719
-2.200000000000003,77.59999999999994,0,2023-11-26 12:17:30,c720
-2.200000000000003,79.39999999999993,0,2023-06-07 20:29:35,c721
-2.200000000000003,81.19999999999993,0,2024-08-20 18:25:21,c722
-2.200000000000003,82.99999999999993,0,2023-05-25 07:42:27,c723
-2.200000000000003,84.79999999999993,0,2023-05-05 16:57:57,c724
-2.200000000000003,86.59999999999992,0,2023-08-03 23:52:33,c725
-2.200000000000003,88.39999999999992,0,2023-11-18 21:44:04,c726
-2.200000000000003,91.99999999999991,0,2024-02-16 14:55:34,c727
-2.200000000000003,93.79999999999993,0,2024-03-19 21:58:59,c728
-2.200000000000003,95.59999999999992,0,2023-11-28 12:25:12,c729
-2.200000000000003,97.3999999999999,0,2023-04-18 01:55:16,c730
-0.4000000000000028,43.399999999999984,0,2024-06-14 01:14:14,c731
-0.4000000000000028,45.19999999999998,0,2023-12-25 00:23:11,c732
-0.4000000000000028,46.99999999999998,0,2023-02-16 23:32:41,c733
-0.4000000000000028,48.799999999999976,0,2023-10-15 21:31:33,c734
-0.4000000000000028,50.59999999999997,0,2023-06-10 13:02:35,c735
-0.4000000000000028,52.39999999999997,0,2023-11-20 16:33:23,c736
-0.4000000000000028,54.19999999999997,0,2023-10-13 05:01:10,c737
-0.4000000000000028,55.999999999999964,0,2023-07-22 13:23:18,c738
-0.4000000000000028,61.39999999999996,0,2023-04-16 00:44:19,c739
-0.4000000000000028,63.19999999999995,0,2023-07-11 17:15:09,c740
-0.4000000000000028,64.99999999999996,0,2023-07-30 05:02:33,c741
-0.4000000000000028,66.79999999999995,0,2023-06-09 01:12:02,c742
-0.4000000000000028,68.59999999999995,0,2024-07-20 11:37:45,c743
-0.4000000000000028,70.39999999999995,0,2024-06-01 04:34:59,c744
-0.4000000000000028,72.19999999999995,0,2023-10-08 04:27:37,c745
-0.4000000000000028,75.79999999999994,0,2023-09-12 23:26:27,c746
-0.4000000000000028,77.59999999999994,0,2023-12-11 03:23:35,c747
-0.4000000000000028,79.39999999999993,0,2023-05-20 01:12:49,c748
-0.4000000000000028,81.19999999999993,0,2023-04-16 15:43:06,c749
-0.4000000000000028,82.99999999999993,0,2023-07-10 09:28:42,c750
-0.4000000000000028,84.79999999999993,0,2023-04-04 22:43:21,c751
-0.4000000000000028,88.39999999999992,0,2023-03-22 14:44:04,c752
-0.4000000000000028,90.19999999999992,0,2023-12-02 09:30:05,c753
-0.4000000000000028,91.99999999999991,0,2024-03-02 06:53:57,c754
-0.4000000000000028,93.79999999999993,0,2024-02-24 16:04:47,c755
-0.4000000000000028,95.59999999999992,0,2023-07-24 09:37:10,c756
-0.4000000000000028,97.3999999999999,0,2023-04-19 20:28:50,c757
1.3999999999999972,45.19999999999998,0,2024-04-07 20:13:08,c758
1.3999999999999972,46.99999999999998,0,2023-08-23 12:34:55,c759
1.3999999999999972,48.799999999999976,0,2024-04-19 23:38:16,c760
1.3999999999999972,50.59999999999997,0,2023-07-01 23:16:26,c761
1.3999999999999972,52.39999999999997,0,2023-08-17 14:49:27,c762
1.3999999999999972,54.19999999999997,0,2024-03-29 23:44:56,c763
1.3999999999999972,55.999999999999964,0,2023-08-29 14:06:20,c764
1.3999999999999972,57.79999999999996,0,2023-11-11 14:58:45,c765
1.3999999999999972,59.59999999999996,0,2023-05-14 12:47:34,c766
1.3999999999999972,61.39999999999996,0,2024-02-29 19:04:36,c767
1.3999999999999972,63.19999999999995,0,2024-07-18 23:05:50,c768
1.3999999999999972,64.99999999999996,0,2023-06-16 06:37:09,c769
1.3999999999999972,66.79999999999995,0,2024-02-09 03:06:17,c770
1.3999999999999972,68.59999999999995,0,2023-03-21 05:12:51,c771
1.3999999999999972,70.39999999999995,0,2023-11-14 16:18:26,c772
1.3999999999999972,72.19999999999995,0,2024-07-12 09:21:02,c773
1.3999999999999972,73.99999999999994,0,2023-12-29 01:10:35,c774
1.3999999999999972,75.79999999999994,0,2023-04-21 18:26:26,c775
1.3999999999999972,77.59999999999994,0,2024-02-22 09:43:40,c776
1.3999999999999972,79.39999999999993,0,2023-10-17 00:17:08,c777
1.3999999999999972,81.19999999999993,0,2024-02-17 07:01:59,c778
1.3999999999999972,82.99999999999993,0,2024-05-28 21:59:53,c779
1.3999999999999972,84.79999999999993,0,2023-12-03 19:03:08,c780
1.3999999999999972,86.59999999999992,0,2023-07-12 05:17:54,c781
1.3999999999999972,88.39999999999992,0,2023-01-30 06:59:04,c782
1.3999999999999972,90.19999999999992,0,2023-03-16 07:13:26,c783
1.3999999999999972,91.99999999999991,0,2023-06-05 19:53:29,c784
1.3999999999999972,93.79999999999993,0,2024-05-01 18:01:59,c785
1.3999999999999972,95.59999999999992,0,2024-01-28 18:04:01,c786
3.199999999999997,48.799999999999976,0,2023-06-29 10:33:41,c787
3.199999999999997,50.59999999999997,0,2024-01-06 12:25:06,c788
3.199999999999997,52.39999999999997,0,2023-04-14 03:21:20,c789
3.199999999999997,54.19999999999997,0,2023-03-20 05:58:56,c790
3.199999999999997,55.999999999999964,0,2023-07-30 01:54:11,c791
3.199999999999997,57.79999999999996,0,2024-05-23 01:14:49,c792
3.199999999999997,59.59999999999996,0,2023-09-25 06:11:13,c793
3.199999999999997,61.39999999999996,0,2024-03-03 01:39:05,c794
3.199999999999997,63.19999999999995,0,2023-01-15 06:59:16,c795
3.199999999999997,64.99999999999996,0,2024-03-25 19:51:16,c796
3.199999999999997,66.79999999999995,0,2024-05-29 03:24:32,c797
3.199999999999997,68.59999999999995,0,2023-04-30 20:46:36,c798
3.199999999999997,70.39999999999995,0,2023-07-20 06:47:37,c799
3.199999999999997,72.19999999999995,0,2024-06-30 09:07:53,c800
3.199999999999997,75.79999999999994,0,2024-07-08 11:13:16,c801
3.199999999999997,77.59999999999994,0,2023-11-02 13:35:30,c802
3.199999999999997,79.39999999999993,0,2024-02-03 02:24:35,c803
3.199999999999997,81.19999999999993,0,2023-01-31 04:19:38,c804
3.199999999999997,82.99999999999993,0,2024-04-11 20:34:39,c805
3.199999999999997,84.79999999999993,0,2024-01-17 10:09:04,c806
3.199999999999997,86.59999999999992,0,2023-04-22 07:16:17,c807
3.199999999999997,88.39999999999992,0,2023-09-20 20:42:02,c808
3.199999999999997,90.19999999999992,0,2024-01-24 07:34:46,c809
3.199999999999997,91.99999999999991,0,2023-09-29 02:06:32,c810
3.199999999999997,93.79999999999993,0,2023-07-01 15:37:11,c811
4.999999999999997,48.799999999999976,0,2023-06-12 22:15:13,c812
4.999999999999997,50.59999999999997,0,2024-08-08 00:37:25,c813
4.999999999999997,52.39999999999997,0,2023-05-14 01:13:13,c814
4.999999999999997,54.19999999999997,0,2023-12-19 02:23:47,c815
4.999999999999997,55.999999999999964,0,2024-07-07 19:45:32,c816
4.999999999999997,59.59999999999996,0,2024-01-03 06:22:42,c817
4.999999999999997,61.39999999999996,0,2023-02-26 09:17:31,c818
4.999999999999997,63.19999999999995,0,2023-09-11 20:24:13,c819
4.999999999999997,64.99999999999996,0,2023-01-09 14:50:57,c820
4.999999999999997,66.79999999999995,0,2023-08-10 16:38:40,c821
4.999999999999997,68.59999999999995,0,2023-10-03 22:49:20,c822
4.999999999999997,70.39999999999995,0,2024-08-11 12:22:20,c823
4.999999999999997,72.19999999999995,0,2023-01-08 21:28:34,c824
4.999999999999997,73.99999999999994,0,2024-03-20 11:41:05,c825
4.999999999999997,75.79999999999994,0,2023-02-09 02:37:52,c826
4.999999999999997,77.59999999999994,0,2023-04-10 08:59:56,c827
4.999999999999997,79.39999999999993,0,2023-01-25 16:50:57,c828
4.999999999999997,81.19999999999993,0,2023-08-24 19:21:21,c829
4.999999999999997,84.79999999999993,0,2024-07-10 03:27:47,c830
4.999999999999997,86.59999999999992,0,2024-03-19 11:44:54,c831
4.999999999999997,88.39999999999992,0,2023-03-14 23:39:09,c832
4.999999999999997,90.19999999999992,0,2023-09-06 13:10:22,c833
4.999999999999997,91.99999999999991,0,2023-07-10 04:04:42,c834
4.999999999999997,93.79999999999993,0,2024-03-11 07:21:37,c835
4.999999999999997,99.1999999999999,0,2023-05-26 05:25:14,c836
6.799999999999997,50.59999999999997,0,2024-05-22 09:40:45,c837
6.799999999999997,52.39999999999997,0,2024-03-08 14:07:40,c838
6.799999999999997,54.19999999999997,0,2023-10-12 04:07:27,c839
6.799999999999997,55.999999999999964,0,2023-12-17 11:52:51,c840
6.799999999999997,57.79999999999996,0,2023-06-11 10:36:49,c841
6.799999999999997,59.59999999999996,0,2024-02-23 01:06:29,c842
6.799999999999997,61.39999999999996,0,2024-07-25 02:28:29,c843
6.799999999999997,63.19999999999995,0,2023-08-26 01:56:55,c844
6.799999999999997,64.99999999999996,0,2024-07-25 07:52:18,c845
6.799999999999997,66.79999999999995,0,2024-08-17 21:42:27,c846
6.799999999999997,68.59999999999995,0,2023-02-01 10:17:08,c847
6.799999999999997,70.39999999999995,0,2024-03-04 14:16:57,c848
6.799999999999997,72.19999999999995,0,2024-02-25 13:03:39,c849
6.799999999999997,73.99999999999994,0,2024-07-04 10:50:05,c850
6.799999999999997,75.79999999999994,0,2024-01-03 08:34:12,c851
6.799999999999997,77.59999999999994,0,2023-09-30 03:12:25,c852
6.799999999999997,79.39999999999993,0,2023-06-09 09:54:14,c853
6.799999999999997,82.99999999999993,0,2024-03-26 01:44:39,c854
6.799999999999997,84.79999999999993,0,2023-10-31 07:45:12,c855
6.799999999999997,90.19999999999992,0,2023-11-17 08:49:53,c856
6.799999999999997,95.59999999999992,0,2023-06-18 12:23:45,c857
6.799999999999997,97.3999999999999,0,2023-08-05 16:45:34,c858
6.799999999999997,99.1999999999999,0,2024-02-27 17:16:58,c859
8.599999999999998,50.59999999999997,0,2023-04-15 09:12:36,c860
8.599999999999998,52.39999999999997,0,2023-08-31 10:16:27,c861
8.599999999999998,54.19999999999997,0,2024-07-28 02:45:50,c862
8.599999999999998,55.999999999999964,0,2024-08-04 16:13:59,c863
8.599999999999998,57.79999999999996,0,2024-07-06 08:25:01,c864
8.599999999999998,59.59999999999996,0,2024-01-10 07:43:54,c865
8.599999999999998,61.39999999999996,0,2024-02-02 16:56:21,c866
8.599999999999998,63.19999999999995,0,2024-08-25 14:27:42,c867
8.599999999999998,64.99999999999996,0,2024-05-28 18:21:58,c868
8.599999999999998,66.79999999999995,0,2023-04-19 07:21:28,c869
8.599999999999998,68.59999999999995,0,2023-12-15 03:27:38,c870
8.599999999999998,70.39999999999995,0,2024-07-22 03:04:14,c871
8.599999999999998,72.19999999999995,0,2024-01-17 19:51:46,c872
8.599999999999998,73.99999999999994,0,2023-07-20 13:01:33,c873
8.599999999999998,75.79999999999994,0,2023-04-13 09:22:53,c874
8.599999999999998,79.39999999999993,0,2023-10-13 21:43:01,c875
8.599999999999998,82.99999999999993,0,2023-01-20 00:10:56,c876
8.599999999999998,84.79999999999993,0,2023-06-19 18:54:08,c877
8.599999999999998,86.59999999999992,0,2024-05-07 12:49:08,c878
8.599999999999998,88.39999999999992,0,2023-10-14 04:00:40,c879
8.599999999999998,90.19999999999992,0,2024-05-23 09:31:52,c880
8.599999999999998,91.99999999999991,0,2023-04-06 21:36:03,c881
8.599999999999998,95.59999999999992,0,2023-03-20 00:30:10,c882
8.599999999999998,97.3999999999999,0,2024-03-23 20:29:31,c883
10.4,52.39999999999997,0,2024-02-23 11:12:25,c884
10.4,54.19999999999997,0,2023-12-07 05:40:40,c885
10.4,55.999999999999964,0,2024-08-04 02:47:26,c886
10.4,57.79999999999996,0,2023-11-11 06:53:18,c887
10.4,59.59999999999996,0,2024-07-30 05:46:27,c888
10.4,61.39999999999996,0,2024-03-10 09:36:56,c889
10.4,63.19999999999995,0,2023-03-27 07:05:27,c890
10.4,64.99999999999996,0,2023-10-12 23:24:23,c891
10.4,66.79999999999995,0,2023-01-10 03:32:59,c892
10.4,70.39999999999995,0,2023-10-14 11:28:30,c893
10.4,81.19999999999993,0,2024-02-24 08:44:09,c894
10.4,82.99999999999993,0,2024-03-01 07:52:46,c895
10.4,84.79999999999993,0,2024-02-14 07:12:30,c896
10.4,86.59999999999992,0,2024-02-22 16:47:37,c897
10.4,88.39999999999992,0,2023-11-23 14:40:34,c898
10.4,90.19999999999992,0,2023-09-25 00:17:52,c899
10.4,91.99999999999991,0,2023-12-14 02:42:42,c900
10.4,93.79999999999993,0,2023-12-15 12:36:18,c901
10.4,95.59999999999992,0,2024-05-01 01:17:32,c902
10.4,97.3999999999999,0,2023-11-14 20:54:39,c903
12.2,45.19999999999998,0,2024-08-03 05:36:44,c904
12.2,46.99999999999998,0,2024-07-10 19:46:47,c905
12.2,48.799999999999976,0,2023-07-09 06:25:40,c906
12.2,55.999999999999964,0,2023-12-28 05:48:29,c907
12.2,57.79999999999996,0,2024-06-17 02:14:36,c908
12.2,61.39999999999996,0,2023-11-03 15:55:59,c909
12.2,63.19999999999995,0,2023-12-11 05:31:29,c910
12.2,64.99999999999996,0,2023-10-23 08:11:53,c911
12.2,66.79999999999995,0,2024-07-30 18:07:20,c912
12.2,68.59999999999995,0,2023-01-24 11:59:46,c913
12.2,70.39999999999995,0,2024-08-04 17:17:25,c914
12.2,73.99999999999994,0,2023-07-18 03:25:52,c915
12.2,81.19999999999993,0,2023-12-12 14:08:15,c916
12.2,82.99999999999993,0,2024-08-16 22:40:08,c917
12.2,84.79999999999993,0,2024-06-19 11:16:22,c918
12.2,86.59999999999992,0,2023-06-05 20:54:06,c919
12.2,88.39999999999992,0,2024-05-13 11:23:32,c920
12.2,90.19999999999992,0,2023-05-22 21:14:39,c921
12.2,91.99999999999991,0,2024-06-03 02:53:06,c922
12.2,95.59999999999992,0,2024-04-25 16:21:37,c923
12.2,97.3999999999999,0,2024-02-20 03:48:07,c924
14.0,50.59999999999997,0,2024-05-25 20:25:06,c925
14.0,52.39999999999997,0,2024-03-12 05:31:46,c926
14.0,54.19999999999997,0,2023-08-03 12:46:35,c927
14.0,55.999999999999964,0,2023-05-23 21:51:01,c928
14.0,59.59999999999996,0,2024-08-25 06:40:14,c929
14.0,63.19999999999995,0,2023-09-03 08:27:42,c930
14.0,64.99999999999996,0,2023-03-23 09:07:39,c931
14.0,66.79999999999995,0,2023-04-01 18:10:05,c932
14.0,70.39999999999995,0,2023-07-18 03:13:07,c933
14.0,73.99999999999994,0,2023-05-07 14:01:35,c934
14.0,81.19999999999993,0,2024-05-30 09:10:00,c935
14.0,82.99999999999993,0,2024-04-09 16:39:35,c936
14.0,84.79999999999993,0,2023-05-03 18:01:51,c937
14.0,86.59999999999992,0,2024-03-03 04:59:11,c938
14.0,88.39999999999992,0,2023-02-19 05:50:45,c939
14.0,91.99999999999991,0,2023-03-08 16:11:51,c940
14.0,93.79999999999993,0,2023-10-08 18:54:22,c941
14.0,95.59999999999992,0,2023-09-11 05:49:57,c942
14.0,97.3999999999999,0,2023-02-16 08:23:48,c943
15.8,41.59999999999999,0,2024-05-17 21:05:37,c944
15.8,54.19999999999997,0,2023-01-28 00:56:37,c945
15.8,55.999999999999964,0,2023-10-01 09:58:27,c946
15.8,57.79999999999996,0,2023-07-08 12:28:52,c947
15.8,59.59999999999996,0,2023-10-13 15:37:24,c948
15.8,61.39999999999996,0,2024-01-01 06:33:41,c949
15.8,63.19999999999995,0,2024-04-15 04:52:20,c950
15.8,64.99999999999996,0,2023-11-15 03:07:36,c951
15.8,66.79999999999995,0,2023-10-27 13:29:09,c952
15.8,68.59999999999995,0,2023-07-31 11:51:48,c953
15.8,70.39999999999995,0,2023-06-12 10:43:27,c954
15.8,72.19999999999995,0,2024-04-22 21:44:28,c955
15.8,82.99999999999993,0,2023-06-19 14:27:40,c956
15.8,84.79999999999993,0,2023-04-08 18:08:00,c957
15.8,86.59999999999992,0,2024-05-25 01:49:50,c958
15.8,88.39999999999992,0,2023-04-13 07:11:50,c959
15.8,90.19999999999992,0,2024-05-23 16:09:42,c960
15.8,93.79999999999993,0,2023-12-29 15:47:48,c961
15.8,97.3999999999999,0,2023-08-05 07:31:31,c962
17.6,39.79999999999999,0,2024-07-24 08:38:29,c963
17.6,61.39999999999996,0,2023-04-27 21:54:51,c964
17.6,63.19999999999995,0,2023-10-11 07:38:12,c965
17.6,64.99999999999996,0,2024-05-02 07:34:38,c966
17.6,66.79999999999995,0,2024-01-11 20:53:21,c967
17.6,68.59999999999995,0,2023-01-05 08:36:30,c968
17.6,70.39999999999995,0,2024-03-04 07:35:33,c969
17.6,72.19999999999995,0,2024-01-13 00:32:35,c970
17.6,84.79999999999993,0,2024-05-13 12:48:57,c971
17.6,86.59999999999992,0,2023-06-24 00:55:21,c972
17.6,88.39999999999992,0,2023-05-27 11:33:35,c973
17.6,91.99999999999991,0,2023-06-17 20:53:08,c974
17.6,93.79999999999993,0,2023-06-21 08:28:15,c975
19.4,39.79999999999999,0,2024-04-19 02:05:16,c976
19.4,59.59999999999996,0,2023-07-24 11:21:44,c977
19.4,61.39999999999996,0,2024-06-26 04:44:35,c978
19.4,63.19999999999995,0,2024-08-25 09:38:30,c979
19.4,64.99999999999996,0,2024-03-20 20:30:07,c980
19.4,66.79999999999995,0,2023-02-12 05:12:18,c981
19.4,68.59999999999995,0,2024-02-15 01:48:38,c982
19.4,70.39999999999995,0,2023-11-05 05:36:54,c983
19.4,72.19999999999995,0,2023-09-19 19:13:03,c984
19.4,86.59999999999992,0,2024-03-06 14:51:05,c985
19.4,88.39999999999992,0,2024-04-10 05:07:35,c986
19.4,90.19999999999992,0,2023-01-13 02:48:03,c987
21.200000000000003,37.99999999999999,0,2023-08-27 14:13:10,c988
21.200000000000003,59.59999999999996,0,2023-05-27 00:05:23,c989
21.200000000000003,61.39999999999996,0,2024-03-04 13:19:42,c990
21.200000000000003,63.19999999999995,0,2024-02-03 12:59:49,c991
21.200000000000003,64.99999999999996,0,2023-01-30 10:28:37,c992
21.200000000000003,66.79999999999995,0,2023-10-13 11:39:16,c993
21.200000000000003,68.59999999999995,0,2023-02-07 11:06:28,c994
21.200000000000003,72.19999999999995,0,2023-02-17 08:37:20,c995
21.200000000000003,88.39999999999992,0,2023-05-23 11:15:25,c996
21.200000000000003,90.19999999999992,0,2023-04-20 12:07:03,c997
23.000000000000004,37.99999999999999,0,2023-05-01 20:47:14,c998
23.000000000000004,61.39999999999996,0,2024-08-13 01:38:17,c999
23.000000000000004,64.99999999999996,0,2023-02-06 12:39:15,c1000
23.000000000000004,66.79999999999995,0,2024-08-21 14:42:14,c1001
24.800000000000004,36.2,0,2023-05-14 06:43:12,c1002
24.800000000000004,54.19999999999997,0,2023-05-04 12:36:49,c1003
24.800000000000004,57.79999999999996,0,2023-05-12 23:49:14,c1004
24.800000000000004,59.59999999999996,0,2023-06-29 10:31:11,c1005
24.800000000000004,61.39999999999996,0,2023-06-06 23:03:49,c1006
24.800000000000004,63.19999999999995,0,2023-11-21 09:27:59,c1007
24.800000000000004,64.99999999999996,0,2023-09-04 02:13:20,c1008
26.600000000000005,52.39999999999997,0,2023-02-28 11:45:40,c1009
28.40000000000001,50.59999999999997,0,2023-09-14 05:24:03,c1010
